2026-10-02 10:06:49 - MEGAHIT v1.2.9
2026-10-02 10:06:49 - Using megahit_core with POPCNT and BMI2 support
2026-10-02 10:06:49 - Convert reads to binary library
2026-10-02 10:08:26 - b'INFO  sequence/io/sequence_lib.cpp  :   75 - Lib 0 (/labgenomaarea2/valentina.pavelecini/EHI/filtrados/TF-2587-RF-1-B_S1_L001_R1.fastq.gz,/labgenomaarea2/valentina.pavelecini/EHI/filtrados/TF-2587-RF-1-B_S1_L001_R2.fastq.gz): pe, 53289964 reads, 151 max length'
2026-10-02 10:10:56 - b'INFO  sequence/io/sequence_lib.cpp  :   75 - Lib 1 (/labgenomaarea2/valentina.pavelecini/EHI/filtrados/TF-2587-RF-2-B_S2_L001_R1.fastq.gz,/labgenomaarea2/valentina.pavelecini/EHI/filtrados/TF-2587-RF-2-B_S2_L001_R2.fastq.gz): pe, 83669984 reads, 151 max length'
2026-10-02 10:11:27 - b'INFO  sequence/io/sequence_lib.cpp  :   75 - Lib 2 (/labgenomaarea2/valentina.pavelecini/EHI/filtrados/TF-2587-RF-4-B_S3_L001_R1.fastq.gz,/labgenomaarea2/valentina.pavelecini/EHI/filtrados/TF-2587-RF-4-B_S3_L001_R2.fastq.gz): pe, 19794118 reads, 151 max length'
2026-10-02 10:13:02 - b'INFO  sequence/io/sequence_lib.cpp  :   75 - Lib 3 (/labgenomaarea2/valentina.pavelecini/EHI/filtrados/TF-2587-RF-5-B_S4_L001_R1.fastq.gz,/labgenomaarea2/valentina.pavelecini/EHI/filtrados/TF-2587-RF-5-B_S4_L001_R2.fastq.gz): pe, 50413130 reads, 151 max length'
2026-10-02 10:13:22 - b'INFO  sequence/io/sequence_lib.cpp  :   75 - Lib 4 (/labgenomaarea2/valentina.pavelecini/EHI/filtrados/TF-2587-PM-1-A_R1.fastq.gz,/labgenomaarea2/valentina.pavelecini/EHI/filtrados/TF-2587-PM-1-A_R2.fastq.gz): pe, 12885188 reads, 151 max length'
2026-10-02 10:13:58 - b'INFO  sequence/io/sequence_lib.cpp  :   75 - Lib 5 (/labgenomaarea2/valentina.pavelecini/EHI/filtrados/TF-2587-PM-5-A_S7_L001_R1.fastq.gz,/labgenomaarea2/valentina.pavelecini/EHI/filtrados/TF-2587-PM-5-A_S7_L001_R2.fastq.gz): pe, 19597690 reads, 151 max length'
2026-10-02 10:14:04 - b'INFO  utils/utils.h                 :  152 - Real: 434.7804\tuser: 227.7278\tsys: 31.1330\tmaxrss: 250568'
2026-10-02 10:14:04 - k-max reset to: 141 
2026-10-02 10:14:04 - Start assembly. Number of CPU threads 24 
2026-10-02 10:14:04 - k list: 21,29,39,59,79,99,119,141 
2026-10-02 10:14:04 - Memory used: 181299721420
2026-10-02 10:14:04 - Extract solid (k+1)-mers for k = 21 
2026-10-02 10:14:04 - b'INFO  sorting/base_engine.cpp       :  148 - Preparing data...'
2026-10-02 10:14:04 - b'INFO  sequence/io/sequence_lib.cpp  :  115 - Before reading, sizeof seq_package: 10440665032'
2026-10-02 10:14:23 - b'INFO  sequence/io/sequence_lib.cpp  :  117 - After reading, sizeof seq_package: 10440665032'
2026-10-02 10:14:24 - b'INFO  sorting/kmer_counter.cpp      :   76 - 239650074 reads, 151 max read length'
2026-10-02 10:14:24 - b'INFO  sorting/kmer_counter.cpp      :   82 - 2 words per substring, 2 words per edge'
2026-10-02 10:14:25 - b'INFO  sorting/base_engine.cpp       :  153 - Preparing data... Done. Time elapsed: 20.6694'
2026-10-02 10:14:25 - b'INFO  sorting/base_engine.cpp       :  156 - Preparing partitions and calculating bucket sizes...'
2026-10-02 10:14:58 - b'INFO  sorting/base_engine.cpp       :   80 - Minimum memory required: 13854500540 bytes'
2026-10-02 10:15:06 - b'INFO  sorting/base_engine.cpp       :  138 - Lv1 items: 3875022937, Lv2 items: 31929192'
2026-10-02 10:15:06 - b'INFO  sorting/base_engine.cpp       :  139 - Memory of derived class: 12636806824, Memory for Lv1+Lv2: 16010958820'
2026-10-02 10:15:06 - b'INFO  sorting/base_engine.cpp       :  165 - Preparing partitions and calculating bucket sizes... Done. Time elapsed: 41.4461'
2026-10-02 10:15:06 - b'INFO  sorting/base_engine.cpp       :  172 - Start main loop...'
2026-10-02 10:15:06 - b'INFO  sorting/base_engine.cpp       :  185 - Lv1 scanning from bucket 0 to 1543'
2026-10-02 10:15:47 - b'INFO  sorting/base_engine.cpp       :  192 - Lv1 scanning done. Large diff: 0. Time elapsed: 40.9280'
2026-10-02 10:16:36 - b'INFO  sorting/base_engine.cpp       :  198 - Lv1 fetching & sorting done. Time elapsed: 49.1407'
2026-10-02 10:16:36 - b'INFO  sorting/base_engine.cpp       :  185 - Lv1 scanning from bucket 1543 to 4825'
2026-10-02 10:17:19 - b'INFO  sorting/base_engine.cpp       :  192 - Lv1 scanning done. Large diff: 0. Time elapsed: 42.6829'
2026-10-02 10:18:25 - b'INFO  sorting/base_engine.cpp       :  198 - Lv1 fetching & sorting done. Time elapsed: 66.3638'
2026-10-02 10:18:25 - b'INFO  sorting/base_engine.cpp       :  185 - Lv1 scanning from bucket 4825 to 9253'
2026-10-02 10:19:09 - b'INFO  sorting/base_engine.cpp       :  192 - Lv1 scanning done. Large diff: 0. Time elapsed: 43.3790'
2026-10-02 10:20:18 - b'INFO  sorting/base_engine.cpp       :  198 - Lv1 fetching & sorting done. Time elapsed: 68.8088'
2026-10-02 10:20:18 - b'INFO  sorting/base_engine.cpp       :  185 - Lv1 scanning from bucket 9253 to 14871'
2026-10-02 10:21:01 - b'INFO  sorting/base_engine.cpp       :  192 - Lv1 scanning done. Large diff: 0. Time elapsed: 43.7371'
2026-10-02 10:22:10 - b'INFO  sorting/base_engine.cpp       :  198 - Lv1 fetching & sorting done. Time elapsed: 68.9359'
2026-10-02 10:22:10 - b'INFO  sorting/base_engine.cpp       :  185 - Lv1 scanning from bucket 14871 to 21966'
2026-10-02 10:22:56 - b'INFO  sorting/base_engine.cpp       :  192 - Lv1 scanning done. Large diff: 0. Time elapsed: 45.3300'
2026-10-02 10:24:04 - b'INFO  sorting/base_engine.cpp       :  198 - Lv1 fetching & sorting done. Time elapsed: 68.3030'
2026-10-02 10:24:04 - b'INFO  sorting/base_engine.cpp       :  185 - Lv1 scanning from bucket 21966 to 31250'
2026-10-02 10:24:51 - b'INFO  sorting/base_engine.cpp       :  192 - Lv1 scanning done. Large diff: 0. Time elapsed: 47.2972'
2026-10-02 10:26:00 - b'INFO  sorting/base_engine.cpp       :  198 - Lv1 fetching & sorting done. Time elapsed: 68.5512'
2026-10-02 10:26:00 - b'INFO  sorting/base_engine.cpp       :  185 - Lv1 scanning from bucket 31250 to 44938'
2026-10-02 10:26:50 - b'INFO  sorting/base_engine.cpp       :  192 - Lv1 scanning done. Large diff: 0. Time elapsed: 50.0458'
2026-10-02 10:27:59 - b'INFO  sorting/base_engine.cpp       :  198 - Lv1 fetching & sorting done. Time elapsed: 68.8764'
2026-10-02 10:27:59 - b'INFO  sorting/base_engine.cpp       :  185 - Lv1 scanning from bucket 44938 to 65536'
2026-10-02 10:28:43 - b'INFO  sorting/base_engine.cpp       :  192 - Lv1 scanning done. Large diff: 0. Time elapsed: 44.7120'
2026-10-02 10:29:24 - b'INFO  sorting/base_engine.cpp       :  198 - Lv1 fetching & sorting done. Time elapsed: 40.9896'
2026-10-02 10:29:24 - b'INFO  sorting/base_engine.cpp       :  204 - Main loop done. Time elapsed: 858.0855'
2026-10-02 10:29:24 - b'INFO  sorting/base_engine.cpp       :  207 - Postprocessing...'
2026-10-02 10:29:28 - b'INFO  sorting/kmer_counter.cpp      :  405 - Total number of candidate reads: 5190592 (53584609)'
2026-10-02 10:29:29 - b'INFO  sorting/kmer_counter.cpp      :  407 - Total number of solid edges: 3289524718'
2026-10-02 10:29:33 - b'INFO  sorting/base_engine.cpp       :  210 - Postprocess done. Time elapsed: 8.3562'
2026-10-02 10:29:34 - b'INFO  utils/utils.h                 :  152 - Real: 929.5777\tuser: 21057.7086\tsys: 202.9493\tmaxrss: 28033580'
2026-10-02 10:29:34 - Build graph for k = 21 
2026-10-02 10:29:34 - b'INFO  sorting/base_engine.cpp       :  148 - Preparing data...'
2026-10-02 10:29:34 - b'INFO  sorting/seq_to_sdbg.cpp       :  369 - Number edges: 3289524718'
2026-10-02 10:29:34 - b'INFO  sorting/seq_to_sdbg.cpp       :  413 - Bases to reserve: 90461929734, number contigs: 0, number multiplicity: 4111905897'
2026-10-02 10:29:34 - b'INFO  sorting/seq_to_sdbg.cpp       :  421 - Before reading, sizeof seq_package: 22615482444, multiplicity vector: 4111905897'
2026-10-02 10:30:48 - b'INFO  sorting/seq_to_sdbg.cpp       :  428 - Read 3289524718 edges.'
2026-10-02 10:30:48 - b'INFO  sorting/seq_to_sdbg.cpp       :  429 - After reading, sizeof seq_package: 22615482444/3289524718/72369543796, multiplicity vector: 3289524718/4111905897'
2026-10-02 10:30:48 - b'INFO  sorting/seq_to_sdbg.cpp       :  440 - Adding mercy edges...'
2026-10-02 10:30:55 - b'INFO  sorting/seq_to_sdbg.cpp       :  191 - Read 65536 reads to search for mercy k-mers'
2026-10-02 10:30:56 - b'INFO  sorting/seq_to_sdbg.cpp       :  191 - Read 65536 reads to search for mercy k-mers'
2026-10-02 10:30:57 - b'INFO  sorting/seq_to_sdbg.cpp       :  191 - Read 65536 reads to search for mercy k-mers'
2026-10-02 10:30:58 - b'INFO  sorting/seq_to_sdbg.cpp       :  191 - Read 65536 reads to search for mercy k-mers'
2026-10-02 10:30:58 - b'INFO  sorting/seq_to_sdbg.cpp       :  191 - Read 65536 reads to search for mercy k-mers'
2026-10-02 10:30:59 - b'INFO  sorting/seq_to_sdbg.cpp       :  191 - Read 65536 reads to search for mercy k-mers'
2026-10-02 10:31:00 - b'INFO  sorting/seq_to_sdbg.cpp       :  191 - Read 65536 reads to search for mercy k-mers'
2026-10-02 10:31:01 - b'INFO  sorting/seq_to_sdbg.cpp       :  191 - Read 65536 reads to search for mercy k-mers'
2026-10-02 10:31:02 - b'INFO  sorting/seq_to_sdbg.cpp       :  191 - Read 65536 reads to search for mercy k-mers'
2026-10-02 10:31:03 - b'INFO  sorting/seq_to_sdbg.cpp       :  191 - Read 65536 reads to search for mercy k-mers'
2026-10-02 10:31:04 - b'INFO  sorting/seq_to_sdbg.cpp       :  191 - Read 65536 reads to search for mercy k-mers'
2026-10-02 10:31:05 - b'INFO  sorting/seq_to_sdbg.cpp       :  191 - Read 65536 reads to search for mercy k-mers'
2026-10-02 10:31:06 - b'INFO  sorting/seq_to_sdbg.cpp       :  191 - Read 65536 reads to search for mercy k-mers'
2026-10-02 10:31:07 - b'INFO  sorting/seq_to_sdbg.cpp       :  191 - Read 65536 reads to search for mercy k-mers'
2026-10-02 10:31:08 - b'INFO  sorting/seq_to_sdbg.cpp       :  191 - Read 65536 reads to search for mercy k-mers'
2026-10-02 10:31:09 - b'INFO  sorting/seq_to_sdbg.cpp       :  191 - Read 65536 reads to search for mercy k-mers'
2026-10-02 10:31:10 - b'INFO  sorting/seq_to_sdbg.cpp       :  191 - Read 65536 reads to search for mercy k-mers'
2026-10-02 10:31:11 - b'INFO  sorting/seq_to_sdbg.cpp       :  191 - Read 65536 reads to search for mercy k-mers'
2026-10-02 10:31:12 - b'INFO  sorting/seq_to_sdbg.cpp       :  191 - Read 65536 reads to search for mercy k-mers'
2026-10-02 10:31:12 - b'INFO  sorting/seq_to_sdbg.cpp       :  191 - Read 65536 reads to search for mercy k-mers'
2026-10-02 10:31:13 - b'INFO  sorting/seq_to_sdbg.cpp       :  191 - Read 65536 reads to search for mercy k-mers'
2026-10-02 10:31:14 - b'INFO  sorting/seq_to_sdbg.cpp       :  191 - Read 65536 reads to search for mercy k-mers'
2026-10-02 10:31:15 - b'INFO  sorting/seq_to_sdbg.cpp       :  191 - Read 65536 reads to search for mercy k-mers'
2026-10-02 10:31:16 - b'INFO  sorting/seq_to_sdbg.cpp       :  191 - Read 65536 reads to search for mercy k-mers'
2026-10-02 10:31:17 - b'INFO  sorting/seq_to_sdbg.cpp       :  191 - Read 65536 reads to search for mercy k-mers'
2026-10-02 10:31:18 - b'INFO  sorting/seq_to_sdbg.cpp       :  191 - Read 65536 reads to search for mercy k-mers'
2026-10-02 10:31:19 - b'INFO  sorting/seq_to_sdbg.cpp       :  191 - Read 65536 reads to search for mercy k-mers'
2026-10-02 10:31:20 - b'INFO  sorting/seq_to_sdbg.cpp       :  191 - Read 65536 reads to search for mercy k-mers'
2026-10-02 10:31:21 - b'INFO  sorting/seq_to_sdbg.cpp       :  191 - Read 65536 reads to search for mercy k-mers'
2026-10-02 10:31:22 - b'INFO  sorting/seq_to_sdbg.cpp       :  191 - Read 65536 reads to search for mercy k-mers'
2026-10-02 10:31:23 - b'INFO  sorting/seq_to_sdbg.cpp       :  191 - Read 65536 reads to search for mercy k-mers'
2026-10-02 10:31:24 - b'INFO  sorting/seq_to_sdbg.cpp       :  191 - Read 65536 reads to search for mercy k-mers'
2026-10-02 10:31:24 - b'INFO  sorting/seq_to_sdbg.cpp       :  191 - Read 65536 reads to search for mercy k-mers'
2026-10-02 10:31:25 - b'INFO  sorting/seq_to_sdbg.cpp       :  191 - Read 65536 reads to search for mercy k-mers'
2026-10-02 10:31:26 - b'INFO  sorting/seq_to_sdbg.cpp       :  191 - Read 65536 reads to search for mercy k-mers'
2026-10-02 10:31:27 - b'INFO  sorting/seq_to_sdbg.cpp       :  191 - Read 65536 reads to search for mercy k-mers'
2026-10-02 10:31:28 - b'INFO  sorting/seq_to_sdbg.cpp       :  191 - Read 65536 reads to search for mercy k-mers'
2026-10-02 10:31:29 - b'INFO  sorting/seq_to_sdbg.cpp       :  191 - Read 65536 reads to search for mercy k-mers'
2026-10-02 10:31:30 - b'INFO  sorting/seq_to_sdbg.cpp       :  191 - Read 65536 reads to search for mercy k-mers'
2026-10-02 10:31:31 - b'INFO  sorting/seq_to_sdbg.cpp       :  191 - Read 65536 reads to search for mercy k-mers'
2026-10-02 10:31:32 - b'INFO  sorting/seq_to_sdbg.cpp       :  191 - Read 65536 reads to search for mercy k-mers'
2026-10-02 10:31:32 - b'INFO  sorting/seq_to_sdbg.cpp       :  191 - Read 65536 reads to search for mercy k-mers'
2026-10-02 10:31:33 - b'INFO  sorting/seq_to_sdbg.cpp       :  191 - Read 65536 reads to search for mercy k-mers'
2026-10-02 10:31:34 - b'INFO  sorting/seq_to_sdbg.cpp       :  191 - Read 65536 reads to search for mercy k-mers'
2026-10-02 10:31:35 - b'INFO  sorting/seq_to_sdbg.cpp       :  191 - Read 65536 reads to search for mercy k-mers'
2026-10-02 10:31:36 - b'INFO  sorting/seq_to_sdbg.cpp       :  191 - Read 65536 reads to search for mercy k-mers'
2026-10-02 10:31:37 - b'INFO  sorting/seq_to_sdbg.cpp       :  191 - Read 65536 reads to search for mercy k-mers'
2026-10-02 10:31:38 - b'INFO  sorting/seq_to_sdbg.cpp       :  191 - Read 65536 reads to search for mercy k-mers'
2026-10-02 10:31:39 - b'INFO  sorting/seq_to_sdbg.cpp       :  191 - Read 65536 reads to search for mercy k-mers'
2026-10-02 10:31:40 - b'INFO  sorting/seq_to_sdbg.cpp       :  191 - Read 65536 reads to search for mercy k-mers'
2026-10-02 10:31:40 - b'INFO  sorting/seq_to_sdbg.cpp       :  191 - Read 65536 reads to search for mercy k-mers'
2026-10-02 10:31:41 - b'INFO  sorting/seq_to_sdbg.cpp       :  191 - Read 65536 reads to search for mercy k-mers'
2026-10-02 10:31:42 - b'INFO  sorting/seq_to_sdbg.cpp       :  191 - Read 65536 reads to search for mercy k-mers'
2026-10-02 10:31:43 - b'INFO  sorting/seq_to_sdbg.cpp       :  191 - Read 65536 reads to search for mercy k-mers'
2026-10-02 10:31:44 - b'INFO  sorting/seq_to_sdbg.cpp       :  191 - Read 65536 reads to search for mercy k-mers'
2026-10-02 10:31:45 - b'INFO  sorting/seq_to_sdbg.cpp       :  191 - Read 65536 reads to search for mercy k-mers'
2026-10-02 10:31:46 - b'INFO  sorting/seq_to_sdbg.cpp       :  191 - Read 65536 reads to search for mercy k-mers'
2026-10-02 10:31:47 - b'INFO  sorting/seq_to_sdbg.cpp       :  191 - Read 65536 reads to search for mercy k-mers'
2026-10-02 10:31:48 - b'INFO  sorting/seq_to_sdbg.cpp       :  191 - Read 65536 reads to search for mercy k-mers'
2026-10-02 10:31:48 - b'INFO  sorting/seq_to_sdbg.cpp       :  191 - Read 65536 reads to search for mercy k-mers'
2026-10-02 10:31:49 - b'INFO  sorting/seq_to_sdbg.cpp       :  191 - Read 65536 reads to search for mercy k-mers'
2026-10-02 10:31:50 - b'INFO  sorting/seq_to_sdbg.cpp       :  191 - Read 65536 reads to search for mercy k-mers'
2026-10-02 10:31:51 - b'INFO  sorting/seq_to_sdbg.cpp       :  191 - Read 65536 reads to search for mercy k-mers'
2026-10-02 10:31:52 - b'INFO  sorting/seq_to_sdbg.cpp       :  191 - Read 65536 reads to search for mercy k-mers'
2026-10-02 10:31:53 - b'INFO  sorting/seq_to_sdbg.cpp       :  191 - Read 65536 reads to search for mercy k-mers'
2026-10-02 10:31:54 - b'INFO  sorting/seq_to_sdbg.cpp       :  191 - Read 65536 reads to search for mercy k-mers'
2026-10-02 10:31:55 - b'INFO  sorting/seq_to_sdbg.cpp       :  191 - Read 65536 reads to search for mercy k-mers'
2026-10-02 10:31:56 - b'INFO  sorting/seq_to_sdbg.cpp       :  191 - Read 65536 reads to search for mercy k-mers'
2026-10-02 10:31:57 - b'INFO  sorting/seq_to_sdbg.cpp       :  191 - Read 65536 reads to search for mercy k-mers'
2026-10-02 10:31:58 - b'INFO  sorting/seq_to_sdbg.cpp       :  191 - Read 65536 reads to search for mercy k-mers'
2026-10-02 10:31:59 - b'INFO  sorting/seq_to_sdbg.cpp       :  191 - Read 65536 reads to search for mercy k-mers'
2026-10-02 10:32:00 - b'INFO  sorting/seq_to_sdbg.cpp       :  191 - Read 65536 reads to search for mercy k-mers'
2026-10-02 10:32:00 - b'INFO  sorting/seq_to_sdbg.cpp       :  191 - Read 65536 reads to search for mercy k-mers'
2026-10-02 10:32:01 - b'INFO  sorting/seq_to_sdbg.cpp       :  191 - Read 65536 reads to search for mercy k-mers'
2026-10-02 10:32:02 - b'INFO  sorting/seq_to_sdbg.cpp       :  191 - Read 65536 reads to search for mercy k-mers'
2026-10-02 10:32:03 - b'INFO  sorting/seq_to_sdbg.cpp       :  191 - Read 65536 reads to search for mercy k-mers'
2026-10-02 10:32:04 - b'INFO  sorting/seq_to_sdbg.cpp       :  191 - Read 65536 reads to search for mercy k-mers'
2026-10-02 10:32:05 - b'INFO  sorting/seq_to_sdbg.cpp       :  191 - Read 65536 reads to search for mercy k-mers'
2026-10-02 10:32:06 - b'INFO  sorting/seq_to_sdbg.cpp       :  191 - Read 65536 reads to search for mercy k-mers'
2026-10-02 10:32:07 - b'INFO  sorting/seq_to_sdbg.cpp       :  191 - Read 13248 reads to search for mercy k-mers'
2026-10-02 10:32:07 - b'INFO  sorting/seq_to_sdbg.cpp       :  355 - Number of reads: 5190592, Number of mercy edges: 90673340'
2026-10-02 10:32:07 - b'INFO  sorting/seq_to_sdbg.cpp       :  444 - Done. Time elapsed: 78.8740'
2026-10-02 10:32:07 - b'INFO  sorting/seq_to_sdbg.cpp       :  445 - After adding mercy, sizeof seq_package: 22615482444/3380198058/74364357276, multiplicity vector: 3380198058/4111905897'
2026-10-02 10:32:07 - b'INFO  sorting/seq_to_sdbg.cpp       :  506 - Finally, sizeof seq_package: 22615482444/3380198058/74364357276, multiplicity vector: 3380198058/4111905897'
2026-10-02 10:32:07 - b'INFO  sorting/base_engine.cpp       :  153 - Preparing data... Done. Time elapsed: 153.3230'
2026-10-02 10:32:07 - b'INFO  sorting/base_engine.cpp       :  156 - Preparing partitions and calculating bucket sizes...'
2026-10-02 10:32:20 - b'INFO  sorting/base_engine.cpp       :   80 - Minimum memory required: 32082334154 bytes'
2026-10-02 10:32:27 - b'INFO  sorting/base_engine.cpp       :  138 - Lv1 items: 2704158446, Lv2 items: 22281576'
2026-10-02 10:32:27 - b'INFO  sorting/base_engine.cpp       :  139 - Memory of derived class: 31420265806, Memory for Lv1+Lv2: 10994886392'
2026-10-02 10:32:27 - b'INFO  sorting/base_engine.cpp       :  165 - Preparing partitions and calculating bucket sizes... Done. Time elapsed: 19.9526'
2026-10-02 10:32:27 - b'INFO  sorting/base_engine.cpp       :  172 - Start main loop...'
2026-10-02 10:32:27 - b'INFO  sorting/base_engine.cpp       :  185 - Lv1 scanning from bucket 0 to 3088'
2026-10-02 10:32:36 - b'INFO  sorting/base_engine.cpp       :  192 - Lv1 scanning done. Large diff: 0. Time elapsed: 9.3278'
2026-10-02 10:33:03 - b'INFO  sorting/base_engine.cpp       :  198 - Lv1 fetching & sorting done. Time elapsed: 26.3773'
2026-10-02 10:33:03 - b'INFO  sorting/base_engine.cpp       :  185 - Lv1 scanning from bucket 3088 to 8104'
2026-10-02 10:33:12 - b'INFO  sorting/base_engine.cpp       :  192 - Lv1 scanning done. Large diff: 0. Time elapsed: 9.1323'
2026-10-02 10:33:46 - b'INFO  sorting/base_engine.cpp       :  198 - Lv1 fetching & sorting done. Time elapsed: 33.8833'
2026-10-02 10:33:46 - b'INFO  sorting/base_engine.cpp       :  185 - Lv1 scanning from bucket 8104 to 14391'
2026-10-02 10:33:56 - b'INFO  sorting/base_engine.cpp       :  192 - Lv1 scanning done. Large diff: 0. Time elapsed: 9.8939'
2026-10-02 10:34:23 - b'INFO  sorting/base_engine.cpp       :  198 - Lv1 fetching & sorting done. Time elapsed: 27.4126'
2026-10-02 10:34:23 - b'INFO  sorting/base_engine.cpp       :  185 - Lv1 scanning from bucket 14391 to 21870'
2026-10-02 10:34:34 - b'INFO  sorting/base_engine.cpp       :  192 - Lv1 scanning done. Large diff: 0. Time elapsed: 10.8067'
2026-10-02 10:35:04 - b'INFO  sorting/base_engine.cpp       :  198 - Lv1 fetching & sorting done. Time elapsed: 30.2594'
2026-10-02 10:35:04 - b'INFO  sorting/base_engine.cpp       :  185 - Lv1 scanning from bucket 21870 to 30694'
2026-10-02 10:35:15 - b'INFO  sorting/base_engine.cpp       :  192 - Lv1 scanning done. Large diff: 0. Time elapsed: 11.2371'
2026-10-02 10:35:43 - b'INFO  sorting/base_engine.cpp       :  198 - Lv1 fetching & sorting done. Time elapsed: 27.5377'
2026-10-02 10:35:43 - b'INFO  sorting/base_engine.cpp       :  185 - Lv1 scanning from bucket 30694 to 41366'
2026-10-02 10:35:55 - b'INFO  sorting/base_engine.cpp       :  192 - Lv1 scanning done. Large diff: 0. Time elapsed: 12.0408'
2026-10-02 10:36:24 - b'INFO  sorting/base_engine.cpp       :  198 - Lv1 fetching & sorting done. Time elapsed: 28.5792'
2026-10-02 10:36:24 - b'INFO  sorting/base_engine.cpp       :  185 - Lv1 scanning from bucket 41366 to 55403'
2026-10-02 10:36:37 - b'INFO  sorting/base_engine.cpp       :  192 - Lv1 scanning done. Large diff: 0. Time elapsed: 12.9342'
2026-10-02 10:37:05 - b'INFO  sorting/base_engine.cpp       :  198 - Lv1 fetching & sorting done. Time elapsed: 27.9919'
2026-10-02 10:37:05 - b'INFO  sorting/base_engine.cpp       :  185 - Lv1 scanning from bucket 55403 to 65536'
2026-10-02 10:37:12 - b'INFO  sorting/base_engine.cpp       :  192 - Lv1 scanning done. Large diff: 0. Time elapsed: 7.6001'
2026-10-02 10:37:27 - b'INFO  sorting/base_engine.cpp       :  198 - Lv1 fetching & sorting done. Time elapsed: 14.5603'
2026-10-02 10:37:27 - b'INFO  sorting/base_engine.cpp       :  204 - Main loop done. Time elapsed: 299.5784'
2026-10-02 10:37:27 - b'INFO  sorting/base_engine.cpp       :  207 - Postprocessing...'
2026-10-02 10:37:32 - b'INFO  sorting/seq_to_sdbg.cpp       :  793 - Number of $ A C G T A- C- G- T-:'
2026-10-02 10:37:32 - b'INFO  sorting/seq_to_sdbg.cpp       :  794 - 47057726 1671391364 1694197585 1700696011 1669989682 17101712 18524736 18604616 16931873'
2026-10-02 10:37:32 - b'INFO  sorting/seq_to_sdbg.cpp       :  800 - Total number of edges: 6854495305'
2026-10-02 10:37:32 - b'INFO  sorting/seq_to_sdbg.cpp       :  801 - Total number of ONEs: 6736274642'
2026-10-02 10:37:32 - b'INFO  sorting/seq_to_sdbg.cpp       :  802 - Total number of $v edges: 47057726'
2026-10-02 10:37:32 - b'INFO  sorting/base_engine.cpp       :  210 - Postprocess done. Time elapsed: 5.7038'
2026-10-02 10:37:34 - b'INFO  utils/utils.h                 :  152 - Real: 480.1334\tuser: 8256.8208\tsys: 83.8557\tmaxrss: 35652924'
2026-10-02 10:37:37 - Assemble contigs from SdBG for k = 21
2026-10-02 10:39:06 - b'INFO  main_assemble.cpp             :  129 - Loading succinct de Bruijn graph: /labgenomaarea2/valentina.pavelecini/EHI/Megahit/coassembly/tmp/k21/21Done. Time elapsed: 88.766048'
2026-10-02 10:39:06 - b'INFO  main_assemble.cpp             :  133 - Number of Edges: 6854495305; K value: 21'
2026-10-02 10:39:06 - b'INFO  main_assemble.cpp             :  140 - Number of CPU threads: 24'
2026-10-02 10:40:19 - b'INFO  assembly/sdbg_pruning.cpp     :  160 - Removing tips with length less than 2; Accumulated tips removed: 2011732; time elapsed: 6.6224'
2026-10-02 10:40:30 - b'INFO  assembly/sdbg_pruning.cpp     :  160 - Removing tips with length less than 4; Accumulated tips removed: 4241524; time elapsed: 10.9390'
2026-10-02 10:40:56 - b'INFO  assembly/sdbg_pruning.cpp     :  160 - Removing tips with length less than 8; Accumulated tips removed: 7268401; time elapsed: 26.6651'
2026-10-02 10:41:57 - b'INFO  assembly/sdbg_pruning.cpp     :  160 - Removing tips with length less than 16; Accumulated tips removed: 11986371; time elapsed: 60.4197'
2026-10-02 10:43:52 - b'INFO  assembly/sdbg_pruning.cpp     :  160 - Removing tips with length less than 32; Accumulated tips removed: 17788139; time elapsed: 115.0317'
2026-10-02 10:46:10 - b'INFO  assembly/sdbg_pruning.cpp     :  169 - Removing tips with length less than 42; Accumulated tips removed: 20113429; time elapsed: 138.4730'
2026-10-02 10:46:10 - b'INFO  main_assemble.cpp             :  158 - Tips removal done! Time elapsed(sec): 424.366'
2026-10-02 11:00:09 - b'INFO  assembly/unitig_graph.cpp     :   83 - Graph size without loops: 93417668, palindrome: 15584'
2026-10-02 11:01:20 - b'INFO  main_assemble.cpp             :  166 - unitig graph size: 93465496, time for building: 910.277'
2026-10-02 11:03:21 - b'INFO  assembly/contig_stat.h        :   40 - Max: 3293, Min: 22, N50: 80, number contigs: 93465496, number isolated: 8096186, number looped: 47828, total size: 5198036488,'
2026-10-02 11:03:21 - b'INFO  main_assemble.cpp             :  184 - Graph cleaning round 1'
2026-10-02 11:03:59 - b'INFO  main_assemble.cpp             :  200 - Number of bubbles removed: 1996556, Time elapsed(sec): 38.461'
2026-10-02 11:04:26 - b'INFO  main_assemble.cpp             :  210 - Number of complex bubbles removed: 285682, Time elapsed(sec): 27.121534'
2026-10-02 11:04:52 - b'INFO  main_assemble.cpp             :  221 - Number unitigs disconnected: 10495611, time: 25.491'
2026-10-02 11:05:03 - b'INFO  main_assemble.cpp             :  245 - Unitigs removed in excessive pruning: 4045, time: 10.938'
2026-10-02 11:05:03 - b'INFO  main_assemble.cpp             :  184 - Graph cleaning round 2'
2026-10-02 11:06:00 - b'INFO  main_assemble.cpp             :  192 - Tips removed: 1921760, time: 57.212'
2026-10-02 11:06:18 - b'INFO  main_assemble.cpp             :  200 - Number of bubbles removed: 74766, Time elapsed(sec): 18.144'
2026-10-02 11:06:39 - b'INFO  main_assemble.cpp             :  210 - Number of complex bubbles removed: 16946, Time elapsed(sec): 20.437214'
2026-10-02 11:06:53 - b'INFO  main_assemble.cpp             :  221 - Number unitigs disconnected: 65244, time: 14.663'
2026-10-02 11:07:04 - b'INFO  main_assemble.cpp             :  245 - Unitigs removed in excessive pruning: 147, time: 10.530'
2026-10-02 11:07:04 - b'INFO  main_assemble.cpp             :  184 - Graph cleaning round 3'
2026-10-02 11:07:57 - b'INFO  main_assemble.cpp             :  192 - Tips removed: 12412, time: 52.818'
2026-10-02 11:08:14 - b'INFO  main_assemble.cpp             :  200 - Number of bubbles removed: 431, Time elapsed(sec): 16.948'
2026-10-02 11:08:33 - b'INFO  main_assemble.cpp             :  210 - Number of complex bubbles removed: 156, Time elapsed(sec): 19.868908'
2026-10-02 11:08:48 - b'INFO  main_assemble.cpp             :  221 - Number unitigs disconnected: 3178, time: 14.344'
2026-10-02 11:08:58 - b'INFO  main_assemble.cpp             :  245 - Unitigs removed in excessive pruning: 19, time: 10.493'
2026-10-02 11:08:58 - b'INFO  main_assemble.cpp             :  184 - Graph cleaning round 4'
2026-10-02 11:09:51 - b'INFO  main_assemble.cpp             :  192 - Tips removed: 655, time: 52.542'
2026-10-02 11:10:08 - b'INFO  main_assemble.cpp             :  200 - Number of bubbles removed: 6, Time elapsed(sec): 16.825'
2026-10-02 11:10:28 - b'INFO  main_assemble.cpp             :  210 - Number of complex bubbles removed: 1, Time elapsed(sec): 20.010954'
2026-10-02 11:10:42 - b'INFO  main_assemble.cpp             :  221 - Number unitigs disconnected: 626, time: 14.443'
2026-10-02 11:10:52 - b'INFO  main_assemble.cpp             :  245 - Unitigs removed in excessive pruning: 2, time: 10.365'
2026-10-02 11:10:52 - b'INFO  main_assemble.cpp             :  184 - Graph cleaning round 5'
2026-10-02 11:11:45 - b'INFO  main_assemble.cpp             :  192 - Tips removed: 58, time: 52.558'
2026-10-02 11:12:01 - b'INFO  main_assemble.cpp             :  200 - Number of bubbles removed: 0, Time elapsed(sec): 16.376'
2026-10-02 11:12:21 - b'INFO  main_assemble.cpp             :  210 - Number of complex bubbles removed: 0, Time elapsed(sec): 19.334240'
2026-10-02 11:12:35 - b'INFO  main_assemble.cpp             :  221 - Number unitigs disconnected: 402, time: 14.341'
2026-10-02 11:12:45 - b'INFO  main_assemble.cpp             :  245 - Unitigs removed in excessive pruning: 2, time: 10.283'
2026-10-02 11:14:24 - b'INFO  assembly/contig_stat.h        :   40 - Max: 34492, Min: 22, N50: 96, number contigs: 76674149, number isolated: 9375308, number looped: 39954, total size: 4750404624,'
2026-10-02 11:18:10 - b'INFO  main_assemble.cpp             :  267 - Time to output: 225.854720'
2026-10-02 11:34:16 - b'INFO  main_assemble.cpp             :  286 - Number of local low depth unitigs removed: 1515513, complex bubbles removed: 56602, time: 965.372286'
2026-10-02 11:35:51 - b'INFO  assembly/contig_stat.h        :   40 - Max: 34492, Min: 22, N50: 99, number contigs: 72840011, number isolated: 9408192, number looped: 41502, total size: 4644946996,'
2026-10-02 11:39:00 - b'INFO  utils/utils.h                 :  152 - Real: 3683.2506\tuser: 79608.1595\tsys: 324.2196\tmaxrss: 18423684'
2026-10-02 11:39:03 - Local assembly for k = 21
2026-10-02 11:40:15 - b'INFO  localasm/hash_mapper.cpp      :   99 - Number of contigs: 2051783, index size: 66895551'
2026-10-02 11:40:15 - b'INFO  localasm/local_assemble.cpp   :  315 - Hash mapper construction time elapsed: 71.963291'
2026-10-02 11:40:15 - b'INFO  sequence/io/sequence_lib.cpp  :  115 - Before reading, sizeof seq_package: 10440665032'
2026-10-02 11:40:31 - b'INFO  sequence/io/sequence_lib.cpp  :  117 - After reading, sizeof seq_package: 10440665032'
2026-10-02 11:40:31 - b'INFO  localasm/local_assemble.cpp   :  324 - Read lib time elapsed: 15.954100'
2026-10-02 11:40:32 - b'INFO  localasm/local_assemble.cpp   :  133 - Lib 0, insert size: 214.00 sd: 78.46'
2026-10-02 11:40:33 - b'INFO  localasm/local_assemble.cpp   :  133 - Lib 1, insert size: 212.00 sd: 82.66'
2026-10-02 11:40:34 - b'INFO  localasm/local_assemble.cpp   :  133 - Lib 2, insert size: 202.00 sd: 83.62'
2026-10-02 11:40:36 - b'INFO  localasm/local_assemble.cpp   :  133 - Lib 3, insert size: 213.00 sd: 79.87'
2026-10-02 11:40:38 - b'INFO  localasm/local_assemble.cpp   :  133 - Lib 4, insert size: 207.00 sd: 70.99'
2026-10-02 11:40:39 - b'INFO  localasm/local_assemble.cpp   :  133 - Lib 5, insert size: 221.00 sd: 73.62'
2026-10-02 11:40:39 - b'INFO  localasm/local_assemble.cpp   :  330 - Insert size estimation time elapsed: 8.550605'
2026-10-02 11:41:10 - b'INFO  localasm/local_assemble.cpp   :  218 - Lib 0: total 53289964 reads, aligned 16941515, added 6746363 reads to local assembly'
2026-10-02 11:41:54 - b'INFO  localasm/local_assemble.cpp   :  218 - Lib 1: total 83669984 reads, aligned 26707249, added 11085751 reads to local assembly'
2026-10-02 11:42:04 - b'INFO  localasm/local_assemble.cpp   :  218 - Lib 2: total 19794118 reads, aligned 7088818, added 2496525 reads to local assembly'
2026-10-02 11:42:31 - b'INFO  localasm/local_assemble.cpp   :  218 - Lib 3: total 50413130 reads, aligned 14629659, added 6710480 reads to local assembly'
2026-10-02 11:42:38 - b'INFO  localasm/local_assemble.cpp   :  218 - Lib 4: total 12885188 reads, aligned 2235893, added 903763 reads to local assembly'
2026-10-02 11:42:49 - b'INFO  localasm/local_assemble.cpp   :  218 - Lib 5: total 19597690 reads, aligned 5157912, added 2399448 reads to local assembly'
2026-10-02 11:42:49 - b'INFO  localasm/local_assemble.cpp   :  338 - Mapping time elapsed: 129.345472'
2026-10-02 11:42:49 - b'INFO  localasm/local_assemble.cpp   :  232 - Minimum number of reads to do local assembly: 2'
2026-10-02 11:45:00 - b'INFO  localasm/local_assemble.cpp   :  346 - Local assembly time elapsed: 130.873921'
2026-10-02 11:45:01 - b'INFO  utils/utils.h                 :  152 - Real: 358.1137\tuser: 7722.4906\tsys: 31.3748\tmaxrss: 15442680'
2026-10-02 11:45:01 - Extract iterative edges from k = 21 to 29 
2026-10-02 11:45:01 - b'INFO  main_iterate.cpp              :  190 - Selected kmer type size for k: 8'
2026-10-02 11:45:03 - b'INFO  main_iterate.cpp              :  174 - Read 4194304 contigs'
2026-10-02 11:45:09 - b'INFO  main_iterate.cpp              :  176 - Number of flank kmers: 7686125'
2026-10-02 11:45:09 - b'INFO  main_iterate.cpp              :  174 - Read 4194304 contigs'
2026-10-02 11:45:16 - b'INFO  main_iterate.cpp              :  176 - Number of flank kmers: 15391780'
2026-10-02 11:45:16 - b'INFO  main_iterate.cpp              :  174 - Read 4194304 contigs'
2026-10-02 11:45:22 - b'INFO  main_iterate.cpp              :  176 - Number of flank kmers: 23092193'
2026-10-02 11:45:22 - b'INFO  main_iterate.cpp              :  174 - Read 4194304 contigs'
2026-10-02 11:45:32 - b'INFO  main_iterate.cpp              :  176 - Number of flank kmers: 30775652'
2026-10-02 11:45:32 - b'INFO  main_iterate.cpp              :  174 - Read 4194304 contigs'
2026-10-02 11:45:38 - b'INFO  main_iterate.cpp              :  176 - Number of flank kmers: 38459735'
2026-10-02 11:45:38 - b'INFO  main_iterate.cpp              :  174 - Read 4194304 contigs'
2026-10-02 11:45:44 - b'INFO  main_iterate.cpp              :  176 - Number of flank kmers: 46133016'
2026-10-02 11:45:44 - b'INFO  main_iterate.cpp              :  174 - Read 4194304 contigs'
2026-10-02 11:45:50 - b'INFO  main_iterate.cpp              :  176 - Number of flank kmers: 53806939'
2026-10-02 11:45:50 - b'INFO  main_iterate.cpp              :  174 - Read 4194304 contigs'
2026-10-02 11:46:04 - b'INFO  main_iterate.cpp              :  176 - Number of flank kmers: 61491334'
2026-10-02 11:46:04 - b'INFO  main_iterate.cpp              :  174 - Read 4194304 contigs'
2026-10-02 11:46:10 - b'INFO  main_iterate.cpp              :  176 - Number of flank kmers: 69160297'
2026-10-02 11:46:10 - b'INFO  main_iterate.cpp              :  174 - Read 4194304 contigs'
2026-10-02 11:46:16 - b'INFO  main_iterate.cpp              :  176 - Number of flank kmers: 76816292'
2026-10-02 11:46:16 - b'INFO  main_iterate.cpp              :  174 - Read 4194304 contigs'
2026-10-02 11:46:22 - b'INFO  main_iterate.cpp              :  176 - Number of flank kmers: 84474591'
2026-10-02 11:46:22 - b'INFO  main_iterate.cpp              :  174 - Read 4194304 contigs'
2026-10-02 11:46:28 - b'INFO  main_iterate.cpp              :  176 - Number of flank kmers: 92110151'
2026-10-02 11:46:28 - b'INFO  main_iterate.cpp              :  174 - Read 4194304 contigs'
2026-10-02 11:46:34 - b'INFO  main_iterate.cpp              :  176 - Number of flank kmers: 99762798'
2026-10-02 11:46:34 - b'INFO  main_iterate.cpp              :  174 - Read 4194304 contigs'
2026-10-02 11:46:41 - b'INFO  main_iterate.cpp              :  176 - Number of flank kmers: 107418272'
2026-10-02 11:46:41 - b'INFO  main_iterate.cpp              :  174 - Read 4194304 contigs'
2026-10-02 11:46:47 - b'INFO  main_iterate.cpp              :  176 - Number of flank kmers: 115056222'
2026-10-02 11:46:47 - b'INFO  main_iterate.cpp              :  174 - Read 4194304 contigs'
2026-10-02 11:47:09 - b'INFO  main_iterate.cpp              :  176 - Number of flank kmers: 122687523'
2026-10-02 11:47:09 - b'INFO  main_iterate.cpp              :  174 - Read 189977 contigs'
2026-10-02 11:47:09 - b'INFO  main_iterate.cpp              :  176 - Number of flank kmers: 123034606'
2026-10-02 11:47:10 - b'INFO  main_iterate.cpp              :  174 - Read 4194304 contigs'
2026-10-02 11:47:17 - b'INFO  main_iterate.cpp              :  176 - Number of flank kmers: 129535659'
2026-10-02 11:47:17 - b'INFO  main_iterate.cpp              :  174 - Read 1474781 contigs'
2026-10-02 11:47:20 - b'INFO  main_iterate.cpp              :  176 - Number of flank kmers: 131629232'
2026-10-02 11:47:20 - b'INFO  main_iterate.cpp              :  123 - Selected kmer type size for next k: 8'
2026-10-02 11:47:25 - b'INFO  main_iterate.cpp              :  138 - Processed: 4194304, aligned: 2494150. Iterative edges: 25290097'
2026-10-02 11:47:30 - b'INFO  main_iterate.cpp              :  138 - Processed: 8388608, aligned: 4982878. Iterative edges: 43490671'
2026-10-02 11:47:35 - b'INFO  main_iterate.cpp              :  138 - Processed: 12582912, aligned: 7471274. Iterative edges: 58465788'
2026-10-02 11:47:40 - b'INFO  main_iterate.cpp              :  138 - Processed: 16777216, aligned: 9957105. Iterative edges: 71249034'
2026-10-02 11:47:45 - b'INFO  main_iterate.cpp              :  138 - Processed: 20971520, aligned: 12442233. Iterative edges: 82487194'
2026-10-02 11:47:50 - b'INFO  main_iterate.cpp              :  138 - Processed: 25165824, aligned: 14925463. Iterative edges: 92547813'
2026-10-02 11:47:55 - b'INFO  main_iterate.cpp              :  138 - Processed: 29360128, aligned: 17415393. Iterative edges: 101545321'
2026-10-02 11:48:00 - b'INFO  main_iterate.cpp              :  138 - Processed: 33554432, aligned: 19906936. Iterative edges: 109759691'
2026-10-02 11:48:07 - b'INFO  main_iterate.cpp              :  138 - Processed: 37748736, aligned: 22391081. Iterative edges: 117380370'
2026-10-02 11:48:13 - b'INFO  main_iterate.cpp              :  138 - Processed: 41943040, aligned: 24878451. Iterative edges: 124407665'
2026-10-02 11:48:18 - b'INFO  main_iterate.cpp              :  138 - Processed: 46137344, aligned: 27363757. Iterative edges: 130942586'
2026-10-02 11:48:23 - b'INFO  main_iterate.cpp              :  138 - Processed: 50331648, aligned: 29848832. Iterative edges: 137002465'
2026-10-02 11:48:28 - b'INFO  main_iterate.cpp              :  138 - Processed: 54525952, aligned: 32356482. Iterative edges: 144821021'
2026-10-02 11:48:33 - b'INFO  main_iterate.cpp              :  138 - Processed: 58720256, aligned: 34920218. Iterative edges: 156148568'
2026-10-02 11:48:38 - b'INFO  main_iterate.cpp              :  138 - Processed: 62914560, aligned: 37486282. Iterative edges: 165959847'
2026-10-02 11:48:43 - b'INFO  main_iterate.cpp              :  138 - Processed: 67108864, aligned: 40047478. Iterative edges: 174560073'
2026-10-02 11:48:48 - b'INFO  main_iterate.cpp              :  138 - Processed: 71303168, aligned: 42608459. Iterative edges: 182164798'
2026-10-02 11:48:53 - b'INFO  main_iterate.cpp              :  138 - Processed: 75497472, aligned: 45172674. Iterative edges: 188896460'
2026-10-02 11:48:58 - b'INFO  main_iterate.cpp              :  138 - Processed: 79691776, aligned: 47736845. Iterative edges: 194954185'
2026-10-02 11:49:03 - b'INFO  main_iterate.cpp              :  138 - Processed: 83886080, aligned: 50300673. Iterative edges: 200399052'
2026-10-02 11:49:08 - b'INFO  main_iterate.cpp              :  138 - Processed: 88080384, aligned: 52864206. Iterative edges: 205354164'
2026-10-02 11:49:13 - b'INFO  main_iterate.cpp              :  138 - Processed: 92274688, aligned: 55430734. Iterative edges: 209874916'
2026-10-02 11:49:18 - b'INFO  main_iterate.cpp              :  138 - Processed: 96468992, aligned: 57992567. Iterative edges: 214000944'
2026-10-02 11:49:23 - b'INFO  main_iterate.cpp              :  138 - Processed: 100663296, aligned: 60557439. Iterative edges: 217825772'
2026-10-02 11:49:28 - b'INFO  main_iterate.cpp              :  138 - Processed: 104857600, aligned: 63122092. Iterative edges: 221408761'
2026-10-02 11:49:33 - b'INFO  main_iterate.cpp              :  138 - Processed: 109051904, aligned: 65680495. Iterative edges: 224755165'
2026-10-02 11:49:38 - b'INFO  main_iterate.cpp              :  138 - Processed: 113246208, aligned: 68243521. Iterative edges: 227897280'
2026-10-02 11:49:44 - b'INFO  main_iterate.cpp              :  138 - Processed: 117440512, aligned: 70808702. Iterative edges: 230855516'
2026-10-02 11:49:54 - b'INFO  main_iterate.cpp              :  138 - Processed: 121634816, aligned: 73374351. Iterative edges: 233658598'
2026-10-02 11:50:17 - b'INFO  main_iterate.cpp              :  138 - Processed: 125829120, aligned: 75938626. Iterative edges: 236315503'
2026-10-02 11:50:27 - b'INFO  main_iterate.cpp              :  138 - Processed: 130023424, aligned: 78500789. Iterative edges: 238832763'
2026-10-02 11:50:32 - b'INFO  main_iterate.cpp              :  138 - Processed: 134217728, aligned: 81064400. Iterative edges: 241227983'
2026-10-02 11:50:37 - b'INFO  main_iterate.cpp              :  138 - Processed: 138412032, aligned: 83545827. Iterative edges: 243991113'
2026-10-02 11:50:41 - b'INFO  main_iterate.cpp              :  138 - Processed: 142606336, aligned: 85861093. Iterative edges: 247032836'
2026-10-02 11:50:46 - b'INFO  main_iterate.cpp              :  138 - Processed: 146800640, aligned: 88173814. Iterative edges: 249757217'
2026-10-02 11:50:51 - b'INFO  main_iterate.cpp              :  138 - Processed: 150994944, aligned: 90491970. Iterative edges: 252383927'
2026-10-02 11:50:56 - b'INFO  main_iterate.cpp              :  138 - Processed: 155189248, aligned: 92807612. Iterative edges: 254925510'
2026-10-02 11:51:01 - b'INFO  main_iterate.cpp              :  138 - Processed: 159383552, aligned: 95308539. Iterative edges: 262702653'
2026-10-02 11:51:06 - b'INFO  main_iterate.cpp              :  138 - Processed: 163577856, aligned: 97920061. Iterative edges: 272599304'
2026-10-02 11:51:11 - b'INFO  main_iterate.cpp              :  138 - Processed: 167772160, aligned: 100528822. Iterative edges: 281531184'
2026-10-02 11:51:16 - b'INFO  main_iterate.cpp              :  138 - Processed: 171966464, aligned: 103140080. Iterative edges: 289613957'
2026-10-02 11:51:21 - b'INFO  main_iterate.cpp              :  138 - Processed: 176160768, aligned: 105748507. Iterative edges: 297031141'
2026-10-02 11:51:27 - b'INFO  main_iterate.cpp              :  138 - Processed: 180355072, aligned: 108359341. Iterative edges: 303901443'
2026-10-02 11:51:32 - b'INFO  main_iterate.cpp              :  138 - Processed: 184549376, aligned: 110971798. Iterative edges: 310208157'
2026-10-02 11:51:37 - b'INFO  main_iterate.cpp              :  138 - Processed: 188743680, aligned: 113583312. Iterative edges: 316075127'
2026-10-02 11:51:42 - b'INFO  main_iterate.cpp              :  138 - Processed: 192937984, aligned: 116192240. Iterative edges: 321549185'
2026-10-02 11:51:47 - b'INFO  main_iterate.cpp              :  138 - Processed: 197132288, aligned: 118801651. Iterative edges: 326589272'
2026-10-02 11:51:53 - b'INFO  main_iterate.cpp              :  138 - Processed: 201326592, aligned: 121410551. Iterative edges: 331291409'
2026-10-02 11:51:58 - b'INFO  main_iterate.cpp              :  138 - Processed: 205520896, aligned: 124020351. Iterative edges: 335689027'
2026-10-02 11:52:03 - b'INFO  main_iterate.cpp              :  138 - Processed: 209715200, aligned: 126450359. Iterative edges: 344316864'
2026-10-02 11:52:08 - b'INFO  main_iterate.cpp              :  138 - Processed: 213909504, aligned: 128758355. Iterative edges: 354403949'
2026-10-02 11:52:13 - b'INFO  main_iterate.cpp              :  138 - Processed: 218103808, aligned: 131068597. Iterative edges: 363339111'
2026-10-02 11:52:18 - b'INFO  main_iterate.cpp              :  138 - Processed: 222298112, aligned: 133461535. Iterative edges: 372822528'
2026-10-02 11:52:23 - b'INFO  main_iterate.cpp              :  138 - Processed: 226492416, aligned: 135925173. Iterative edges: 380436504'
2026-10-02 11:52:28 - b'INFO  main_iterate.cpp              :  138 - Processed: 230686720, aligned: 138394162. Iterative edges: 385699224'
2026-10-02 11:52:34 - b'INFO  main_iterate.cpp              :  138 - Processed: 234881024, aligned: 140860956. Iterative edges: 389619118'
2026-10-02 11:52:39 - b'INFO  main_iterate.cpp              :  138 - Processed: 239075328, aligned: 143328137. Iterative edges: 392683427'
2026-10-02 11:52:39 - b'INFO  main_iterate.cpp              :  138 - Processed: 239650074, aligned: 143666118. Iterative edges: 393054800'
2026-10-02 11:53:50 - b'INFO  main_iterate.cpp              :  142 - Total: 239650074, aligned: 143666118. Iterative edges: 393054800'
2026-10-02 11:53:54 - b'INFO  utils/utils.h                 :  152 - Real: 532.9186\tuser: 9943.8152\tsys: 72.8437\tmaxrss: 16726096'
2026-10-02 11:53:54 - Build graph for k = 29 
2026-10-02 11:53:54 - b'INFO  sorting/base_engine.cpp       :  148 - Preparing data...'
2026-10-02 11:53:54 - b'INFO  sorting/seq_to_sdbg.cpp       :  369 - Number edges: 393054800'
2026-10-02 11:53:54 - b'INFO  sorting/seq_to_sdbg.cpp       :  413 - Bases to reserve: 14883832365, number contigs: 85973564, number multiplicity: 479028364'
2026-10-02 11:53:54 - b'INFO  sorting/seq_to_sdbg.cpp       :  421 - Before reading, sizeof seq_package: 4408746612, multiplicity vector: 479028364'
2026-10-02 11:54:03 - b'INFO  sorting/seq_to_sdbg.cpp       :  428 - Read 393054800 edges.'
2026-10-02 11:54:03 - b'INFO  sorting/seq_to_sdbg.cpp       :  429 - After reading, sizeof seq_package: 4408746612/393054800/11791644000, multiplicity vector: 393054800/479028364'
2026-10-02 11:54:30 - b'INFO  sorting/seq_to_sdbg.cpp       :  458 - Read 45873397 contigs from /labgenomaarea2/valentina.pavelecini/EHI/Megahit/coassembly/intermediate_contigs/k21.contigs.fa.'
2026-10-02 11:54:30 - b'INFO  sorting/seq_to_sdbg.cpp       :  459 - After reading contigs, sizeof seq_package: 8129704704/438928197/15806220832, multiplicity vector: 438928197/479028364'
2026-10-02 11:54:32 - b'INFO  sorting/seq_to_sdbg.cpp       :  470 - Read 4906417 contigs from /labgenomaarea2/valentina.pavelecini/EHI/Megahit/coassembly/intermediate_contigs/k21.bubble_seq.fa.'
2026-10-02 11:54:32 - b'INFO  sorting/seq_to_sdbg.cpp       :  471 - After reading contigs, sizeof seq_package: 8129704704/443834614/16142009274, multiplicity vector: 443834614/479028364'
2026-10-02 11:54:33 - b'INFO  sorting/seq_to_sdbg.cpp       :  484 - Read 1226892 contigs from /labgenomaarea2/valentina.pavelecini/EHI/Megahit/coassembly/intermediate_contigs/k21.addi.fa.'
2026-10-02 11:54:33 - b'INFO  sorting/seq_to_sdbg.cpp       :  485 - After reading contigs, sizeof seq_package: 8129704704/445061506/16255871289, multiplicity vector: 445061506/479028364'
2026-10-02 11:54:35 - b'INFO  sorting/seq_to_sdbg.cpp       :  498 - Read 1866379 contigs from /labgenomaarea2/valentina.pavelecini/EHI/Megahit/coassembly/intermediate_contigs/k21.local.fa.'
2026-10-02 11:54:35 - b'INFO  sorting/seq_to_sdbg.cpp       :  499 - After reading contigs, sizeof seq_package: 8129704704/446927885/16993058474, multiplicity vector: 446927885/479028364'
2026-10-02 11:54:35 - b'INFO  sorting/seq_to_sdbg.cpp       :  506 - Finally, sizeof seq_package: 8129704704/446927885/16993058474, multiplicity vector: 446927885/479028364'
2026-10-02 11:54:35 - b'INFO  sorting/base_engine.cpp       :  153 - Preparing data... Done. Time elapsed: 41.2975'
2026-10-02 11:54:35 - b'INFO  sorting/base_engine.cpp       :  156 - Preparing partitions and calculating bucket sizes...'
2026-10-02 11:54:48 - b'INFO  sorting/base_engine.cpp       :   80 - Minimum memory required: 9556280972 bytes'
2026-10-02 11:54:51 - b'INFO  sorting/base_engine.cpp       :  138 - Lv1 items: 1313601487, Lv2 items: 10823736'
2026-10-02 11:54:51 - b'INFO  sorting/base_engine.cpp       :  139 - Memory of derived class: 9220519728, Memory for Lv1+Lv2: 5384290780'
2026-10-02 11:54:51 - b'INFO  sorting/base_engine.cpp       :  165 - Preparing partitions and calculating bucket sizes... Done. Time elapsed: 15.9030'
2026-10-02 11:54:51 - b'INFO  sorting/base_engine.cpp       :  172 - Start main loop...'
2026-10-02 11:54:51 - b'INFO  sorting/base_engine.cpp       :  185 - Lv1 scanning from bucket 0 to 2694'
2026-10-02 11:55:09 - b'INFO  sorting/base_engine.cpp       :  192 - Lv1 scanning done. Large diff: 0. Time elapsed: 17.2270'
2026-10-02 11:55:31 - b'INFO  sorting/base_engine.cpp       :  198 - Lv1 fetching & sorting done. Time elapsed: 22.9353'
2026-10-02 11:55:31 - b'INFO  sorting/base_engine.cpp       :  185 - Lv1 scanning from bucket 2694 to 7513'
2026-10-02 11:55:52 - b'INFO  sorting/base_engine.cpp       :  192 - Lv1 scanning done. Large diff: 0. Time elapsed: 20.3456'
2026-10-02 11:56:18 - b'INFO  sorting/base_engine.cpp       :  198 - Lv1 fetching & sorting done. Time elapsed: 26.0831'
2026-10-02 11:56:18 - b'INFO  sorting/base_engine.cpp       :  185 - Lv1 scanning from bucket 7513 to 13719'
2026-10-02 11:56:40 - b'INFO  sorting/base_engine.cpp       :  192 - Lv1 scanning done. Large diff: 0. Time elapsed: 22.1012'
2026-10-02 11:57:07 - b'INFO  sorting/base_engine.cpp       :  198 - Lv1 fetching & sorting done. Time elapsed: 27.4429'
2026-10-02 11:57:07 - b'INFO  sorting/base_engine.cpp       :  185 - Lv1 scanning from bucket 13719 to 21203'
2026-10-02 11:57:30 - b'INFO  sorting/base_engine.cpp       :  192 - Lv1 scanning done. Large diff: 0. Time elapsed: 22.5788'
2026-10-02 11:57:55 - b'INFO  sorting/base_engine.cpp       :  198 - Lv1 fetching & sorting done. Time elapsed: 24.5076'
2026-10-02 11:57:55 - b'INFO  sorting/base_engine.cpp       :  185 - Lv1 scanning from bucket 21203 to 30096'
2026-10-02 11:58:18 - b'INFO  sorting/base_engine.cpp       :  192 - Lv1 scanning done. Large diff: 0. Time elapsed: 23.5768'
2026-10-02 11:58:42 - b'INFO  sorting/base_engine.cpp       :  198 - Lv1 fetching & sorting done. Time elapsed: 24.3985'
2026-10-02 11:58:42 - b'INFO  sorting/base_engine.cpp       :  185 - Lv1 scanning from bucket 30096 to 40919'
2026-10-02 11:59:07 - b'INFO  sorting/base_engine.cpp       :  192 - Lv1 scanning done. Large diff: 0. Time elapsed: 24.5090'
2026-10-02 11:59:32 - b'INFO  sorting/base_engine.cpp       :  198 - Lv1 fetching & sorting done. Time elapsed: 24.9833'
2026-10-02 11:59:32 - b'INFO  sorting/base_engine.cpp       :  185 - Lv1 scanning from bucket 40919 to 55185'
2026-10-02 11:59:56 - b'INFO  sorting/base_engine.cpp       :  192 - Lv1 scanning done. Large diff: 0. Time elapsed: 24.4946'
2026-10-02 12:00:23 - b'INFO  sorting/base_engine.cpp       :  198 - Lv1 fetching & sorting done. Time elapsed: 26.5761'
2026-10-02 12:00:23 - b'INFO  sorting/base_engine.cpp       :  185 - Lv1 scanning from bucket 55185 to 65536'
2026-10-02 12:00:39 - b'INFO  sorting/base_engine.cpp       :  192 - Lv1 scanning done. Large diff: 0. Time elapsed: 16.2527'
2026-10-02 12:00:51 - b'INFO  sorting/base_engine.cpp       :  198 - Lv1 fetching & sorting done. Time elapsed: 12.1531'
2026-10-02 12:00:51 - b'INFO  sorting/base_engine.cpp       :  204 - Main loop done. Time elapsed: 360.1709'
2026-10-02 12:00:51 - b'INFO  sorting/base_engine.cpp       :  207 - Postprocessing...'
2026-10-02 12:00:58 - b'INFO  sorting/seq_to_sdbg.cpp       :  793 - Number of $ A C G T A- C- G- T-:'
2026-10-02 12:00:58 - b'INFO  sorting/seq_to_sdbg.cpp       :  794 - 49832183 1546570460 1559295739 1565510652 1544566003 3641717 3728825 3347513 3797792'
2026-10-02 12:00:58 - b'INFO  sorting/seq_to_sdbg.cpp       :  800 - Total number of edges: 6280290884'
2026-10-02 12:00:58 - b'INFO  sorting/seq_to_sdbg.cpp       :  801 - Total number of ONEs: 6215942854'
2026-10-02 12:00:58 - b'INFO  sorting/seq_to_sdbg.cpp       :  802 - Total number of $v edges: 49832183'
2026-10-02 12:00:58 - b'INFO  sorting/base_engine.cpp       :  210 - Postprocess done. Time elapsed: 6.9610'
2026-10-02 12:00:59 - b'INFO  utils/utils.h                 :  152 - Real: 424.7879\tuser: 4902.2941\tsys: 73.6892\tmaxrss: 10814608'
2026-10-02 12:01:00 - Assemble contigs from SdBG for k = 29
2026-10-02 12:02:20 - b'INFO  main_assemble.cpp             :  129 - Loading succinct de Bruijn graph: /labgenomaarea2/valentina.pavelecini/EHI/Megahit/coassembly/tmp/k29/29Done. Time elapsed: 79.981564'
2026-10-02 12:02:20 - b'INFO  main_assemble.cpp             :  133 - Number of Edges: 6280290884; K value: 29'
2026-10-02 12:02:20 - b'INFO  main_assemble.cpp             :  140 - Number of CPU threads: 24'
2026-10-02 12:03:27 - b'INFO  assembly/sdbg_pruning.cpp     :  160 - Removing tips with length less than 2; Accumulated tips removed: 1181322; time elapsed: 6.4494'
2026-10-02 12:03:38 - b'INFO  assembly/sdbg_pruning.cpp     :  160 - Removing tips with length less than 4; Accumulated tips removed: 2819313; time elapsed: 10.9575'
2026-10-02 12:04:05 - b'INFO  assembly/sdbg_pruning.cpp     :  160 - Removing tips with length less than 8; Accumulated tips removed: 4681909; time elapsed: 27.4023'
2026-10-02 12:05:11 - b'INFO  assembly/sdbg_pruning.cpp     :  160 - Removing tips with length less than 16; Accumulated tips removed: 7446742; time elapsed: 65.3894'
2026-10-02 12:07:24 - b'INFO  assembly/sdbg_pruning.cpp     :  160 - Removing tips with length less than 32; Accumulated tips removed: 12375988; time elapsed: 133.5722'
2026-10-02 12:11:04 - b'INFO  assembly/sdbg_pruning.cpp     :  169 - Removing tips with length less than 58; Accumulated tips removed: 19288534; time elapsed: 220.1014'
2026-10-02 12:11:04 - b'INFO  main_assemble.cpp             :  158 - Tips removal done! Time elapsed(sec): 524.473'
2026-10-02 12:19:51 - b'INFO  assembly/unitig_graph.cpp     :   83 - Graph size without loops: 32741713, palindrome: 4600'
2026-10-02 12:20:55 - b'INFO  main_assemble.cpp             :  166 - unitig graph size: 32817481, time for building: 590.532'
2026-10-02 12:21:37 - b'INFO  assembly/contig_stat.h        :   40 - Max: 25121, Min: 30, N50: 148, number contigs: 32817481, number isolated: 15628927, number looped: 75768, total size: 3809412542,'
2026-10-02 12:21:37 - b'INFO  main_assemble.cpp             :  184 - Graph cleaning round 1'
2026-10-02 12:21:59 - b'INFO  main_assemble.cpp             :  200 - Number of bubbles removed: 1494002, Time elapsed(sec): 21.674'
2026-10-02 12:22:13 - b'INFO  main_assemble.cpp             :  210 - Number of complex bubbles removed: 344091, Time elapsed(sec): 13.937658'
2026-10-02 12:22:22 - b'INFO  main_assemble.cpp             :  221 - Number unitigs disconnected: 5713680, time: 8.641'
2026-10-02 12:22:25 - b'INFO  main_assemble.cpp             :  245 - Unitigs removed in excessive pruning: 441654, time: 3.054'
2026-10-02 12:22:25 - b'INFO  main_assemble.cpp             :  184 - Graph cleaning round 2'
2026-10-02 12:22:37 - b'INFO  main_assemble.cpp             :  192 - Tips removed: 2487732, time: 12.811'
2026-10-02 12:22:41 - b'INFO  main_assemble.cpp             :  200 - Number of bubbles removed: 18141, Time elapsed(sec): 4.000'
2026-10-02 12:22:48 - b'INFO  main_assemble.cpp             :  210 - Number of complex bubbles removed: 43958, Time elapsed(sec): 6.060881'
2026-10-02 12:22:51 - b'INFO  main_assemble.cpp             :  221 - Number unitigs disconnected: 30097, time: 3.254'
2026-10-02 12:22:53 - b'INFO  main_assemble.cpp             :  245 - Unitigs removed in excessive pruning: 5747, time: 2.179'
2026-10-02 12:22:53 - b'INFO  main_assemble.cpp             :  184 - Graph cleaning round 3'
2026-10-02 12:23:03 - b'INFO  main_assemble.cpp             :  192 - Tips removed: 12514, time: 10.257'
2026-10-02 12:23:07 - b'INFO  main_assemble.cpp             :  200 - Number of bubbles removed: 345, Time elapsed(sec): 3.369'
2026-10-02 12:23:11 - b'INFO  main_assemble.cpp             :  210 - Number of complex bubbles removed: 555, Time elapsed(sec): 4.425782'
2026-10-02 12:23:14 - b'INFO  main_assemble.cpp             :  221 - Number unitigs disconnected: 2342, time: 3.190'
2026-10-02 12:23:16 - b'INFO  main_assemble.cpp             :  245 - Unitigs removed in excessive pruning: 419, time: 2.155'
2026-10-02 12:23:16 - b'INFO  main_assemble.cpp             :  184 - Graph cleaning round 4'
2026-10-02 12:23:27 - b'INFO  main_assemble.cpp             :  192 - Tips removed: 604, time: 10.196'
2026-10-02 12:23:30 - b'INFO  main_assemble.cpp             :  200 - Number of bubbles removed: 26, Time elapsed(sec): 3.348'
2026-10-02 12:23:34 - b'INFO  main_assemble.cpp             :  210 - Number of complex bubbles removed: 25, Time elapsed(sec): 4.394913'
2026-10-02 12:23:37 - b'INFO  main_assemble.cpp             :  221 - Number unitigs disconnected: 286, time: 3.191'
2026-10-02 12:23:40 - b'INFO  main_assemble.cpp             :  245 - Unitigs removed in excessive pruning: 73, time: 2.143'
2026-10-02 12:23:40 - b'INFO  main_assemble.cpp             :  184 - Graph cleaning round 5'
2026-10-02 12:23:49 - b'INFO  main_assemble.cpp             :  192 - Tips removed: 47, time: 9.869'
2026-10-02 12:23:53 - b'INFO  main_assemble.cpp             :  200 - Number of bubbles removed: 2, Time elapsed(sec): 3.280'
2026-10-02 12:23:57 - b'INFO  main_assemble.cpp             :  210 - Number of complex bubbles removed: 3, Time elapsed(sec): 4.377322'
2026-10-02 12:24:00 - b'INFO  main_assemble.cpp             :  221 - Number unitigs disconnected: 81, time: 3.192'
2026-10-02 12:24:02 - b'INFO  main_assemble.cpp             :  245 - Unitigs removed in excessive pruning: 23, time: 2.142'
2026-10-02 12:24:30 - b'INFO  assembly/contig_stat.h        :   40 - Max: 104843, Min: 30, N50: 151, number contigs: 21105721, number isolated: 17267420, number looped: 80280, total size: 3377735887,'
2026-10-02 12:26:51 - b'INFO  main_assemble.cpp             :  267 - Time to output: 141.186885'
2026-10-02 12:29:07 - b'INFO  main_assemble.cpp             :  286 - Number of local low depth unitigs removed: 193539, complex bubbles removed: 10957, time: 136.009973'
2026-10-02 12:29:34 - b'INFO  assembly/contig_stat.h        :   40 - Max: 104843, Min: 30, N50: 151, number contigs: 20632541, number isolated: 17327055, number looped: 81931, total size: 3357436186,'
2026-10-02 12:31:49 - b'INFO  utils/utils.h                 :  152 - Real: 1848.8808\tuser: 39191.3075\tsys: 96.8950\tmaxrss: 14791468'
2026-10-02 12:31:51 - Local assembly for k = 29
2026-10-02 12:34:46 - b'INFO  localasm/hash_mapper.cpp      :   99 - Number of contigs: 3394820, index size: 134358285'
2026-10-02 12:34:46 - b'INFO  localasm/local_assemble.cpp   :  315 - Hash mapper construction time elapsed: 174.691965'
2026-10-02 12:34:46 - b'INFO  sequence/io/sequence_lib.cpp  :  115 - Before reading, sizeof seq_package: 10440665032'
2026-10-02 12:35:02 - b'INFO  sequence/io/sequence_lib.cpp  :  117 - After reading, sizeof seq_package: 10440665032'
2026-10-02 12:35:02 - b'INFO  localasm/local_assemble.cpp   :  324 - Read lib time elapsed: 15.746435'
2026-10-02 12:35:03 - b'INFO  localasm/local_assemble.cpp   :  133 - Lib 0, insert size: 222.00 sd: 85.20'
2026-10-02 12:35:03 - b'INFO  localasm/local_assemble.cpp   :  133 - Lib 1, insert size: 220.00 sd: 91.23'
2026-10-02 12:35:04 - b'INFO  localasm/local_assemble.cpp   :  133 - Lib 2, insert size: 210.00 sd: 91.82'
2026-10-02 12:35:05 - b'INFO  localasm/local_assemble.cpp   :  133 - Lib 3, insert size: 224.00 sd: 92.34'
2026-10-02 12:35:06 - b'INFO  localasm/local_assemble.cpp   :  133 - Lib 4, insert size: 214.00 sd: 78.01'
2026-10-02 12:35:07 - b'INFO  localasm/local_assemble.cpp   :  133 - Lib 5, insert size: 231.00 sd: 84.05'
2026-10-02 12:35:07 - b'INFO  localasm/local_assemble.cpp   :  330 - Insert size estimation time elapsed: 5.371619'
2026-10-02 12:35:42 - b'INFO  localasm/local_assemble.cpp   :  218 - Lib 0: total 53289964 reads, aligned 28124513, added 6570279 reads to local assembly'
2026-10-02 12:36:32 - b'INFO  localasm/local_assemble.cpp   :  218 - Lib 1: total 83669984 reads, aligned 45705434, added 10933134 reads to local assembly'
2026-10-02 12:36:44 - b'INFO  localasm/local_assemble.cpp   :  218 - Lib 2: total 19794118 reads, aligned 11320251, added 2349035 reads to local assembly'
2026-10-02 12:37:14 - b'INFO  localasm/local_assemble.cpp   :  218 - Lib 3: total 50413130 reads, aligned 25586388, added 6153793 reads to local assembly'
2026-10-02 12:37:22 - b'INFO  localasm/local_assemble.cpp   :  218 - Lib 4: total 12885188 reads, aligned 4061916, added 964647 reads to local assembly'
2026-10-02 12:37:34 - b'INFO  localasm/local_assemble.cpp   :  218 - Lib 5: total 19597690 reads, aligned 9193491, added 2292799 reads to local assembly'
2026-10-02 12:37:34 - b'INFO  localasm/local_assemble.cpp   :  338 - Mapping time elapsed: 146.631292'
2026-10-02 12:37:34 - b'INFO  localasm/local_assemble.cpp   :  232 - Minimum number of reads to do local assembly: 3'
2026-10-02 12:41:06 - b'INFO  localasm/local_assemble.cpp   :  346 - Local assembly time elapsed: 212.018099'
2026-10-02 12:41:08 - b'INFO  utils/utils.h                 :  152 - Real: 556.8889\tuser: 12335.3109\tsys: 52.4601\tmaxrss: 19667348'
2026-10-02 12:41:08 - Extract iterative edges from k = 29 to 39 
2026-10-02 12:41:08 - b'INFO  main_iterate.cpp              :  190 - Selected kmer type size for k: 8'
2026-10-02 12:41:11 - b'INFO  main_iterate.cpp              :  174 - Read 1415782 contigs'
2026-10-02 12:41:13 - b'INFO  main_iterate.cpp              :  176 - Number of flank kmers: 2822844'
2026-10-02 12:41:15 - b'INFO  main_iterate.cpp              :  174 - Read 1877036 contigs'
2026-10-02 12:41:19 - b'INFO  main_iterate.cpp              :  176 - Number of flank kmers: 6562777'
2026-10-02 12:41:19 - b'INFO  main_iterate.cpp              :  174 - Read 545483 contigs'
2026-10-02 12:41:20 - b'INFO  main_iterate.cpp              :  176 - Number of flank kmers: 7648489'
2026-10-02 12:41:22 - b'INFO  main_iterate.cpp              :  174 - Read 2783632 contigs'
2026-10-02 12:41:27 - b'INFO  main_iterate.cpp              :  176 - Number of flank kmers: 12723682'
2026-10-02 12:41:27 - b'INFO  main_iterate.cpp              :  174 - Read 988425 contigs'
2026-10-02 12:41:28 - b'INFO  main_iterate.cpp              :  176 - Number of flank kmers: 14253875'
2026-10-02 12:41:28 - b'INFO  main_iterate.cpp              :  123 - Selected kmer type size for next k: 12'
2026-10-02 12:41:32 - b'INFO  main_iterate.cpp              :  138 - Processed: 4194304, aligned: 797093. Iterative edges: 4322995'
2026-10-02 12:41:35 - b'INFO  main_iterate.cpp              :  138 - Processed: 8388608, aligned: 1591503. Iterative edges: 7189584'
2026-10-02 12:41:39 - b'INFO  main_iterate.cpp              :  138 - Processed: 12582912, aligned: 2386987. Iterative edges: 9436597'
2026-10-02 12:41:42 - b'INFO  main_iterate.cpp              :  138 - Processed: 16777216, aligned: 3182188. Iterative edges: 11280866'
2026-10-02 12:41:45 - b'INFO  main_iterate.cpp              :  138 - Processed: 20971520, aligned: 3980966. Iterative edges: 12865724'
2026-10-02 12:41:49 - b'INFO  main_iterate.cpp              :  138 - Processed: 25165824, aligned: 4775784. Iterative edges: 14259772'
2026-10-02 12:41:52 - b'INFO  main_iterate.cpp              :  138 - Processed: 29360128, aligned: 5572507. Iterative edges: 15514724'
2026-10-02 12:41:55 - b'INFO  main_iterate.cpp              :  138 - Processed: 33554432, aligned: 6369851. Iterative edges: 16655761'
2026-10-02 12:41:58 - b'INFO  main_iterate.cpp              :  138 - Processed: 37748736, aligned: 7165515. Iterative edges: 17691750'
2026-10-02 12:42:02 - b'INFO  main_iterate.cpp              :  138 - Processed: 41943040, aligned: 7959335. Iterative edges: 18626127'
2026-10-02 12:42:05 - b'INFO  main_iterate.cpp              :  138 - Processed: 46137344, aligned: 8754441. Iterative edges: 19494241'
2026-10-02 12:42:08 - b'INFO  main_iterate.cpp              :  138 - Processed: 50331648, aligned: 9551602. Iterative edges: 20300632'
2026-10-02 12:42:11 - b'INFO  main_iterate.cpp              :  138 - Processed: 54525952, aligned: 10362509. Iterative edges: 21356589'
2026-10-02 12:42:15 - b'INFO  main_iterate.cpp              :  138 - Processed: 58720256, aligned: 11200503. Iterative edges: 22859836'
2026-10-02 12:42:18 - b'INFO  main_iterate.cpp              :  138 - Processed: 62914560, aligned: 12041980. Iterative edges: 24167751'
2026-10-02 12:42:21 - b'INFO  main_iterate.cpp              :  138 - Processed: 67108864, aligned: 12878986. Iterative edges: 25304941'
2026-10-02 12:42:25 - b'INFO  main_iterate.cpp              :  138 - Processed: 71303168, aligned: 13716685. Iterative edges: 26314792'
2026-10-02 12:42:28 - b'INFO  main_iterate.cpp              :  138 - Processed: 75497472, aligned: 14556500. Iterative edges: 27203520'
2026-10-02 12:42:31 - b'INFO  main_iterate.cpp              :  138 - Processed: 79691776, aligned: 15396207. Iterative edges: 27998447'
2026-10-02 12:42:34 - b'INFO  main_iterate.cpp              :  138 - Processed: 83886080, aligned: 16235212. Iterative edges: 28718920'
2026-10-02 12:42:38 - b'INFO  main_iterate.cpp              :  138 - Processed: 88080384, aligned: 17074374. Iterative edges: 29372015'
2026-10-02 12:42:41 - b'INFO  main_iterate.cpp              :  138 - Processed: 92274688, aligned: 17917017. Iterative edges: 29972457'
2026-10-02 12:42:44 - b'INFO  main_iterate.cpp              :  138 - Processed: 96468992, aligned: 18755705. Iterative edges: 30524441'
2026-10-02 12:42:47 - b'INFO  main_iterate.cpp              :  138 - Processed: 100663296, aligned: 19594698. Iterative edges: 31057961'
2026-10-02 12:42:51 - b'INFO  main_iterate.cpp              :  138 - Processed: 104857600, aligned: 20433591. Iterative edges: 31547255'
2026-10-02 12:42:54 - b'INFO  main_iterate.cpp              :  138 - Processed: 109051904, aligned: 21270250. Iterative edges: 32005229'
2026-10-02 12:42:57 - b'INFO  main_iterate.cpp              :  138 - Processed: 113246208, aligned: 22108843. Iterative edges: 32425952'
2026-10-02 12:43:00 - b'INFO  main_iterate.cpp              :  138 - Processed: 117440512, aligned: 22949796. Iterative edges: 32819057'
2026-10-02 12:43:04 - b'INFO  main_iterate.cpp              :  138 - Processed: 121634816, aligned: 23791705. Iterative edges: 33188945'
2026-10-02 12:43:07 - b'INFO  main_iterate.cpp              :  138 - Processed: 125829120, aligned: 24632886. Iterative edges: 33539950'
2026-10-02 12:43:10 - b'INFO  main_iterate.cpp              :  138 - Processed: 130023424, aligned: 25473059. Iterative edges: 33877217'
2026-10-02 12:43:13 - b'INFO  main_iterate.cpp              :  138 - Processed: 134217728, aligned: 26314769. Iterative edges: 34195192'
2026-10-02 12:43:16 - b'INFO  main_iterate.cpp              :  138 - Processed: 138412032, aligned: 27131273. Iterative edges: 34557247'
2026-10-02 12:43:20 - b'INFO  main_iterate.cpp              :  138 - Processed: 142606336, aligned: 27896733. Iterative edges: 34938786'
2026-10-02 12:43:23 - b'INFO  main_iterate.cpp              :  138 - Processed: 146800640, aligned: 28664568. Iterative edges: 35288684'
2026-10-02 12:43:26 - b'INFO  main_iterate.cpp              :  138 - Processed: 150994944, aligned: 29433894. Iterative edges: 35632276'
2026-10-02 12:43:29 - b'INFO  main_iterate.cpp              :  138 - Processed: 155189248, aligned: 30200709. Iterative edges: 35956296'
2026-10-02 12:43:32 - b'INFO  main_iterate.cpp              :  138 - Processed: 159383552, aligned: 30980619. Iterative edges: 37021367'
2026-10-02 12:43:35 - b'INFO  main_iterate.cpp              :  138 - Processed: 163577856, aligned: 31767565. Iterative edges: 38387383'
2026-10-02 12:43:39 - b'INFO  main_iterate.cpp              :  138 - Processed: 167772160, aligned: 32551866. Iterative edges: 39627698'
2026-10-02 12:43:42 - b'INFO  main_iterate.cpp              :  138 - Processed: 171966464, aligned: 33336627. Iterative edges: 40733102'
2026-10-02 12:43:45 - b'INFO  main_iterate.cpp              :  138 - Processed: 176160768, aligned: 34123890. Iterative edges: 41754135'
2026-10-02 12:43:48 - b'INFO  main_iterate.cpp              :  138 - Processed: 180355072, aligned: 34911082. Iterative edges: 42692924'
2026-10-02 12:43:52 - b'INFO  main_iterate.cpp              :  138 - Processed: 184549376, aligned: 35699171. Iterative edges: 43589275'
2026-10-02 12:43:55 - b'INFO  main_iterate.cpp              :  138 - Processed: 188743680, aligned: 36486150. Iterative edges: 44434973'
2026-10-02 12:43:58 - b'INFO  main_iterate.cpp              :  138 - Processed: 192937984, aligned: 37270292. Iterative edges: 45193770'
2026-10-02 12:44:01 - b'INFO  main_iterate.cpp              :  138 - Processed: 197132288, aligned: 38055463. Iterative edges: 45892500'
2026-10-02 12:44:05 - b'INFO  main_iterate.cpp              :  138 - Processed: 201326592, aligned: 38839871. Iterative edges: 46539480'
2026-10-02 12:44:08 - b'INFO  main_iterate.cpp              :  138 - Processed: 205520896, aligned: 39627581. Iterative edges: 47156793'
2026-10-02 12:44:11 - b'INFO  main_iterate.cpp              :  138 - Processed: 209715200, aligned: 40257452. Iterative edges: 48322555'
2026-10-02 12:44:14 - b'INFO  main_iterate.cpp              :  138 - Processed: 213909504, aligned: 40780961. Iterative edges: 49633584'
2026-10-02 12:44:17 - b'INFO  main_iterate.cpp              :  138 - Processed: 218103808, aligned: 41305958. Iterative edges: 50797496'
2026-10-02 12:44:21 - b'INFO  main_iterate.cpp              :  138 - Processed: 222298112, aligned: 41889420. Iterative edges: 52028250'
2026-10-02 12:44:24 - b'INFO  main_iterate.cpp              :  138 - Processed: 226492416, aligned: 42524843. Iterative edges: 53026946'
2026-10-02 12:44:27 - b'INFO  main_iterate.cpp              :  138 - Processed: 230686720, aligned: 43164212. Iterative edges: 53734179'
2026-10-02 12:44:31 - b'INFO  main_iterate.cpp              :  138 - Processed: 234881024, aligned: 43800169. Iterative edges: 54288794'
2026-10-02 12:44:34 - b'INFO  main_iterate.cpp              :  138 - Processed: 239075328, aligned: 44437339. Iterative edges: 54717330'
2026-10-02 12:44:34 - b'INFO  main_iterate.cpp              :  138 - Processed: 239650074, aligned: 44525192. Iterative edges: 54772583'
2026-10-02 12:44:39 - b'INFO  main_iterate.cpp              :  142 - Total: 239650074, aligned: 44525192. Iterative edges: 54772583'
2026-10-02 12:44:45 - b'INFO  utils/utils.h                 :  152 - Real: 216.2241\tuser: 4519.3495\tsys: 13.4196\tmaxrss: 2032292'
2026-10-02 12:44:45 - Build graph for k = 39 
2026-10-02 12:44:45 - b'INFO  sorting/base_engine.cpp       :  148 - Preparing data...'
2026-10-02 12:44:45 - b'INFO  sorting/seq_to_sdbg.cpp       :  369 - Number edges: 54772583'
2026-10-02 12:44:45 - b'INFO  sorting/seq_to_sdbg.cpp       :  413 - Bases to reserve: 3478778216, number contigs: 26576052, number multiplicity: 81348635'
2026-10-02 12:44:45 - b'INFO  sorting/seq_to_sdbg.cpp       :  421 - Before reading, sizeof seq_package: 1082302980, multiplicity vector: 81348635'
2026-10-02 12:44:46 - b'INFO  sorting/seq_to_sdbg.cpp       :  428 - Read 54772583 edges.'
2026-10-02 12:44:46 - b'INFO  sorting/seq_to_sdbg.cpp       :  429 - After reading, sizeof seq_package: 1082302980/54772583/2190903320, multiplicity vector: 54772583/81348635'
2026-10-02 12:45:00 - b'INFO  sorting/seq_to_sdbg.cpp       :  458 - Read 20858575 contigs from /labgenomaarea2/valentina.pavelecini/EHI/Megahit/coassembly/intermediate_contigs/k29.contigs.fa.'
2026-10-02 12:45:00 - b'INFO  sorting/seq_to_sdbg.cpp       :  459 - After reading contigs, sizeof seq_package: 1951997536/75631158/5560505723, multiplicity vector: 75631158/81348635'
2026-10-02 12:45:02 - b'INFO  sorting/seq_to_sdbg.cpp       :  470 - Read 3365871 contigs from /labgenomaarea2/valentina.pavelecini/EHI/Megahit/coassembly/intermediate_contigs/k29.bubble_seq.fa.'
2026-10-02 12:45:02 - b'INFO  sorting/seq_to_sdbg.cpp       :  471 - After reading contigs, sizeof seq_package: 1951997536/78997029/5956602031, multiplicity vector: 78997029/81348635'
2026-10-02 12:45:02 - b'INFO  sorting/seq_to_sdbg.cpp       :  484 - Read 164386 contigs from /labgenomaarea2/valentina.pavelecini/EHI/Megahit/coassembly/intermediate_contigs/k29.addi.fa.'
2026-10-02 12:45:02 - b'INFO  sorting/seq_to_sdbg.cpp       :  485 - After reading contigs, sizeof seq_package: 1951997536/79161415/6019250608, multiplicity vector: 79161415/81348635'
2026-10-02 12:45:04 - b'INFO  sorting/seq_to_sdbg.cpp       :  498 - Read 1533202 contigs from /labgenomaarea2/valentina.pavelecini/EHI/Megahit/coassembly/intermediate_contigs/k29.local.fa.'
2026-10-02 12:45:04 - b'INFO  sorting/seq_to_sdbg.cpp       :  499 - After reading contigs, sizeof seq_package: 1951997536/80694617/6605925704, multiplicity vector: 80694617/81348635'
2026-10-02 12:45:04 - b'INFO  sorting/seq_to_sdbg.cpp       :  506 - Finally, sizeof seq_package: 1951997536/80694617/6605925704, multiplicity vector: 80694617/81348635'
2026-10-02 12:45:04 - b'INFO  sorting/base_engine.cpp       :  153 - Preparing data... Done. Time elapsed: 19.7751'
2026-10-02 12:45:04 - b'INFO  sorting/base_engine.cpp       :  156 - Preparing partitions and calculating bucket sizes...'
2026-10-02 12:45:09 - b'INFO  sorting/base_engine.cpp       :   80 - Minimum memory required: 2411090770 bytes'
2026-10-02 12:45:11 - b'INFO  sorting/base_engine.cpp       :  138 - Lv1 items: 965393300, Lv2 items: 7954584'
2026-10-02 12:45:11 - b'INFO  sorting/base_engine.cpp       :  139 - Memory of derived class: 2166303630, Memory for Lv1+Lv2: 3988846544'
2026-10-02 12:45:11 - b'INFO  sorting/base_engine.cpp       :  165 - Preparing partitions and calculating bucket sizes... Done. Time elapsed: 6.9009'
2026-10-02 12:45:11 - b'INFO  sorting/base_engine.cpp       :  172 - Start main loop...'
2026-10-02 12:45:11 - b'INFO  sorting/base_engine.cpp       :  185 - Lv1 scanning from bucket 0 to 2972'
2026-10-02 12:45:20 - b'INFO  sorting/base_engine.cpp       :  192 - Lv1 scanning done. Large diff: 0. Time elapsed: 8.5578'
2026-10-02 12:45:38 - b'INFO  sorting/base_engine.cpp       :  198 - Lv1 fetching & sorting done. Time elapsed: 17.7128'
2026-10-02 12:45:38 - b'INFO  sorting/base_engine.cpp       :  185 - Lv1 scanning from bucket 2972 to 8000'
2026-10-02 12:45:47 - b'INFO  sorting/base_engine.cpp       :  192 - Lv1 scanning done. Large diff: 0. Time elapsed: 9.4896'
2026-10-02 12:46:16 - b'INFO  sorting/base_engine.cpp       :  198 - Lv1 fetching & sorting done. Time elapsed: 28.7939'
2026-10-02 12:46:16 - b'INFO  sorting/base_engine.cpp       :  185 - Lv1 scanning from bucket 8000 to 14340'
2026-10-02 12:46:26 - b'INFO  sorting/base_engine.cpp       :  192 - Lv1 scanning done. Large diff: 0. Time elapsed: 10.2203'
2026-10-02 12:46:46 - b'INFO  sorting/base_engine.cpp       :  198 - Lv1 fetching & sorting done. Time elapsed: 20.1796'
2026-10-02 12:46:46 - b'INFO  sorting/base_engine.cpp       :  185 - Lv1 scanning from bucket 14340 to 21901'
2026-10-02 12:46:57 - b'INFO  sorting/base_engine.cpp       :  192 - Lv1 scanning done. Large diff: 0. Time elapsed: 10.4605'
2026-10-02 12:47:21 - b'INFO  sorting/base_engine.cpp       :  198 - Lv1 fetching & sorting done. Time elapsed: 23.7721'
2026-10-02 12:47:21 - b'INFO  sorting/base_engine.cpp       :  185 - Lv1 scanning from bucket 21901 to 30853'
2026-10-02 12:47:31 - b'INFO  sorting/base_engine.cpp       :  192 - Lv1 scanning done. Large diff: 0. Time elapsed: 10.6395'
2026-10-02 12:47:53 - b'INFO  sorting/base_engine.cpp       :  198 - Lv1 fetching & sorting done. Time elapsed: 22.1516'
2026-10-02 12:47:53 - b'INFO  sorting/base_engine.cpp       :  185 - Lv1 scanning from bucket 30853 to 41703'
2026-10-02 12:48:04 - b'INFO  sorting/base_engine.cpp       :  192 - Lv1 scanning done. Large diff: 0. Time elapsed: 10.9833'
2026-10-02 12:48:24 - b'INFO  sorting/base_engine.cpp       :  198 - Lv1 fetching & sorting done. Time elapsed: 19.6394'
2026-10-02 12:48:24 - b'INFO  sorting/base_engine.cpp       :  185 - Lv1 scanning from bucket 41703 to 55999'
2026-10-02 12:48:35 - b'INFO  sorting/base_engine.cpp       :  192 - Lv1 scanning done. Large diff: 0. Time elapsed: 11.1687'
2026-10-02 12:48:55 - b'INFO  sorting/base_engine.cpp       :  198 - Lv1 fetching & sorting done. Time elapsed: 20.0526'
2026-10-02 12:48:55 - b'INFO  sorting/base_engine.cpp       :  185 - Lv1 scanning from bucket 55999 to 65536'
2026-10-02 12:49:02 - b'INFO  sorting/base_engine.cpp       :  192 - Lv1 scanning done. Large diff: 0. Time elapsed: 7.2508'
2026-10-02 12:49:13 - b'INFO  sorting/base_engine.cpp       :  198 - Lv1 fetching & sorting done. Time elapsed: 10.2739'
2026-10-02 12:49:13 - b'INFO  sorting/base_engine.cpp       :  204 - Main loop done. Time elapsed: 241.3515'
2026-10-02 12:49:13 - b'INFO  sorting/base_engine.cpp       :  207 - Postprocessing...'
2026-10-02 12:49:19 - b'INFO  sorting/seq_to_sdbg.cpp       :  793 - Number of $ A C G T A- C- G- T-:'
2026-10-02 12:49:19 - b'INFO  sorting/seq_to_sdbg.cpp       :  794 - 37586115 1343478313 1342845879 1348041791 1341781289 978267 895002 899878 976452'
2026-10-02 12:49:19 - b'INFO  sorting/seq_to_sdbg.cpp       :  800 - Total number of edges: 5417482986'
2026-10-02 12:49:19 - b'INFO  sorting/seq_to_sdbg.cpp       :  801 - Total number of ONEs: 5376147272'
2026-10-02 12:49:19 - b'INFO  sorting/seq_to_sdbg.cpp       :  802 - Total number of $v edges: 37586115'
2026-10-02 12:49:19 - b'INFO  sorting/base_engine.cpp       :  210 - Postprocess done. Time elapsed: 6.3861'
2026-10-02 12:49:19 - b'INFO  utils/utils.h                 :  152 - Real: 274.6563\tuser: 3534.8193\tsys: 48.2748\tmaxrss: 5976248'
2026-10-02 12:49:20 - Assemble contigs from SdBG for k = 39
2026-10-02 12:50:29 - b'INFO  main_assemble.cpp             :  129 - Loading succinct de Bruijn graph: /labgenomaarea2/valentina.pavelecini/EHI/Megahit/coassembly/tmp/k39/39Done. Time elapsed: 69.155367'
2026-10-02 12:50:29 - b'INFO  main_assemble.cpp             :  133 - Number of Edges: 5417482986; K value: 39'
2026-10-02 12:50:29 - b'INFO  main_assemble.cpp             :  140 - Number of CPU threads: 24'
2026-10-02 12:51:26 - b'INFO  assembly/sdbg_pruning.cpp     :  160 - Removing tips with length less than 2; Accumulated tips removed: 36035; time elapsed: 5.2291'
2026-10-02 12:51:35 - b'INFO  assembly/sdbg_pruning.cpp     :  160 - Removing tips with length less than 4; Accumulated tips removed: 102001; time elapsed: 8.8355'
2026-10-02 12:51:57 - b'INFO  assembly/sdbg_pruning.cpp     :  160 - Removing tips with length less than 8; Accumulated tips removed: 196378; time elapsed: 22.1746'
2026-10-02 12:52:50 - b'INFO  assembly/sdbg_pruning.cpp     :  160 - Removing tips with length less than 16; Accumulated tips removed: 345140; time elapsed: 53.3228'
2026-10-02 12:54:44 - b'INFO  assembly/sdbg_pruning.cpp     :  160 - Removing tips with length less than 32; Accumulated tips removed: 1168717; time elapsed: 113.4945'
2026-10-02 12:58:20 - b'INFO  assembly/sdbg_pruning.cpp     :  160 - Removing tips with length less than 64; Accumulated tips removed: 6983495; time elapsed: 215.5862'
2026-10-02 13:02:10 - b'INFO  assembly/sdbg_pruning.cpp     :  169 - Removing tips with length less than 78; Accumulated tips removed: 11427947; time elapsed: 230.5744'
2026-10-02 13:02:10 - b'INFO  main_assemble.cpp             :  158 - Tips removal done! Time elapsed(sec): 701.466'
2026-10-02 13:08:40 - b'INFO  assembly/unitig_graph.cpp     :   83 - Graph size without loops: 17894377, palindrome: 719'
2026-10-02 13:09:45 - b'INFO  main_assemble.cpp             :  166 - unitig graph size: 17980954, time for building: 454.855'
2026-10-02 13:10:06 - b'INFO  assembly/contig_stat.h        :   40 - Max: 83078, Min: 40, N50: 159, number contigs: 17980954, number isolated: 13010199, number looped: 86577, total size: 3059012757,'
2026-10-02 13:10:06 - b'INFO  main_assemble.cpp             :  184 - Graph cleaning round 1'
2026-10-02 13:10:13 - b'INFO  main_assemble.cpp             :  200 - Number of bubbles removed: 691218, Time elapsed(sec): 6.991'
2026-10-02 13:10:22 - b'INFO  main_assemble.cpp             :  210 - Number of complex bubbles removed: 235135, Time elapsed(sec): 8.834460'
2026-10-02 13:10:24 - b'INFO  main_assemble.cpp             :  221 - Number unitigs disconnected: 229255, time: 2.429'
2026-10-02 13:10:26 - b'INFO  main_assemble.cpp             :  245 - Unitigs removed in excessive pruning: 40495, time: 1.549'
2026-10-02 13:10:26 - b'INFO  main_assemble.cpp             :  184 - Graph cleaning round 2'
2026-10-02 13:10:34 - b'INFO  main_assemble.cpp             :  192 - Tips removed: 142680, time: 8.497'
2026-10-02 13:10:37 - b'INFO  main_assemble.cpp             :  200 - Number of bubbles removed: 4493, Time elapsed(sec): 2.422'
2026-10-02 13:10:40 - b'INFO  main_assemble.cpp             :  210 - Number of complex bubbles removed: 10818, Time elapsed(sec): 3.389800'
2026-10-02 13:10:42 - b'INFO  main_assemble.cpp             :  221 - Number unitigs disconnected: 7521, time: 2.085'
2026-10-02 13:10:43 - b'INFO  main_assemble.cpp             :  245 - Unitigs removed in excessive pruning: 1600, time: 1.384'
2026-10-02 13:10:43 - b'INFO  main_assemble.cpp             :  184 - Graph cleaning round 3'
2026-10-02 13:10:52 - b'INFO  main_assemble.cpp             :  192 - Tips removed: 2270, time: 8.086'
2026-10-02 13:10:54 - b'INFO  main_assemble.cpp             :  200 - Number of bubbles removed: 104, Time elapsed(sec): 2.182'
2026-10-02 13:10:56 - b'INFO  main_assemble.cpp             :  210 - Number of complex bubbles removed: 144, Time elapsed(sec): 2.733086'
2026-10-02 13:10:59 - b'INFO  main_assemble.cpp             :  221 - Number unitigs disconnected: 880, time: 2.075'
2026-10-02 13:11:00 - b'INFO  main_assemble.cpp             :  245 - Unitigs removed in excessive pruning: 223, time: 1.377'
2026-10-02 13:11:00 - b'INFO  main_assemble.cpp             :  184 - Graph cleaning round 4'
2026-10-02 13:11:08 - b'INFO  main_assemble.cpp             :  192 - Tips removed: 180, time: 8.053'
2026-10-02 13:11:10 - b'INFO  main_assemble.cpp             :  200 - Number of bubbles removed: 7, Time elapsed(sec): 2.170'
2026-10-02 13:11:13 - b'INFO  main_assemble.cpp             :  210 - Number of complex bubbles removed: 7, Time elapsed(sec): 2.692926'
2026-10-02 13:11:15 - b'INFO  main_assemble.cpp             :  221 - Number unitigs disconnected: 158, time: 2.074'
2026-10-02 13:11:16 - b'INFO  main_assemble.cpp             :  245 - Unitigs removed in excessive pruning: 54, time: 1.375'
2026-10-02 13:11:16 - b'INFO  main_assemble.cpp             :  184 - Graph cleaning round 5'
2026-10-02 13:11:24 - b'INFO  main_assemble.cpp             :  192 - Tips removed: 33, time: 7.853'
2026-10-02 13:11:26 - b'INFO  main_assemble.cpp             :  200 - Number of bubbles removed: 0, Time elapsed(sec): 2.062'
2026-10-02 13:11:29 - b'INFO  main_assemble.cpp             :  210 - Number of complex bubbles removed: 0, Time elapsed(sec): 2.602973'
2026-10-02 13:11:31 - b'INFO  main_assemble.cpp             :  221 - Number unitigs disconnected: 50, time: 2.073'
2026-10-02 13:11:32 - b'INFO  main_assemble.cpp             :  245 - Unitigs removed in excessive pruning: 32, time: 1.377'
2026-10-02 13:11:49 - b'INFO  assembly/contig_stat.h        :   40 - Max: 237357, Min: 40, N50: 178, number contigs: 14700208, number isolated: 13532598, number looped: 46964, total size: 2881710729,'
2026-10-02 13:13:43 - b'INFO  main_assemble.cpp             :  267 - Time to output: 113.900084'
2026-10-02 13:15:02 - b'INFO  main_assemble.cpp             :  286 - Number of local low depth unitigs removed: 60297, complex bubbles removed: 3986, time: 78.358779'
2026-10-02 13:15:19 - b'INFO  assembly/contig_stat.h        :   40 - Max: 237357, Min: 40, N50: 179, number contigs: 14540679, number isolated: 13552990, number looped: 47322, total size: 2872704552,'
2026-10-02 13:17:09 - b'INFO  utils/utils.h                 :  152 - Real: 1669.0880\tuser: 35031.4725\tsys: 68.4188\tmaxrss: 12478200'
2026-10-02 13:17:11 - Local assembly for k = 39
2026-10-02 13:19:29 - b'INFO  localasm/hash_mapper.cpp      :   99 - Number of contigs: 3444482, index size: 145887600'
2026-10-02 13:19:29 - b'INFO  localasm/local_assemble.cpp   :  315 - Hash mapper construction time elapsed: 137.963299'
2026-10-02 13:19:29 - b'INFO  sequence/io/sequence_lib.cpp  :  115 - Before reading, sizeof seq_package: 10440665032'
2026-10-02 13:19:45 - b'INFO  sequence/io/sequence_lib.cpp  :  117 - After reading, sizeof seq_package: 10440665032'
2026-10-02 13:19:45 - b'INFO  localasm/local_assemble.cpp   :  324 - Read lib time elapsed: 15.828084'
2026-10-02 13:19:46 - b'INFO  localasm/local_assemble.cpp   :  133 - Lib 0, insert size: 223.00 sd: 87.94'
2026-10-02 13:19:46 - b'INFO  localasm/local_assemble.cpp   :  133 - Lib 1, insert size: 222.00 sd: 94.45'
2026-10-02 13:19:47 - b'INFO  localasm/local_assemble.cpp   :  133 - Lib 2, insert size: 212.00 sd: 95.09'
2026-10-02 13:19:48 - b'INFO  localasm/local_assemble.cpp   :  133 - Lib 3, insert size: 226.00 sd: 94.40'
2026-10-02 13:19:49 - b'INFO  localasm/local_assemble.cpp   :  133 - Lib 4, insert size: 215.00 sd: 80.92'
2026-10-02 13:19:49 - b'INFO  localasm/local_assemble.cpp   :  133 - Lib 5, insert size: 233.00 sd: 87.88'
2026-10-02 13:19:49 - b'INFO  localasm/local_assemble.cpp   :  330 - Insert size estimation time elapsed: 4.580211'
2026-10-02 13:20:25 - b'INFO  localasm/local_assemble.cpp   :  218 - Lib 0: total 53289964 reads, aligned 32604832, added 6514038 reads to local assembly'
2026-10-02 13:21:17 - b'INFO  localasm/local_assemble.cpp   :  218 - Lib 1: total 83669984 reads, aligned 53147242, added 10719136 reads to local assembly'
2026-10-02 13:21:29 - b'INFO  localasm/local_assemble.cpp   :  218 - Lib 2: total 19794118 reads, aligned 13018953, added 2296535 reads to local assembly'
2026-10-02 13:22:00 - b'INFO  localasm/local_assemble.cpp   :  218 - Lib 3: total 50413130 reads, aligned 29606534, added 6023959 reads to local assembly'
2026-10-02 13:22:07 - b'INFO  localasm/local_assemble.cpp   :  218 - Lib 4: total 12885188 reads, aligned 4698470, added 986811 reads to local assembly'
2026-10-02 13:22:19 - b'INFO  localasm/local_assemble.cpp   :  218 - Lib 5: total 19597690 reads, aligned 10408293, added 2165169 reads to local assembly'
2026-10-02 13:22:19 - b'INFO  localasm/local_assemble.cpp   :  338 - Mapping time elapsed: 149.706700'
2026-10-02 13:22:19 - b'INFO  localasm/local_assemble.cpp   :  232 - Minimum number of reads to do local assembly: 3'
2026-10-02 13:28:54 - b'INFO  localasm/local_assemble.cpp   :  346 - Local assembly time elapsed: 394.966970'
2026-10-02 13:28:57 - b'INFO  utils/utils.h                 :  152 - Real: 705.5313\tuser: 15844.1420\tsys: 48.0186\tmaxrss: 19795896'
2026-10-02 13:28:57 - Extract iterative edges from k = 39 to 59 
2026-10-02 13:28:57 - b'INFO  main_iterate.cpp              :  190 - Selected kmer type size for k: 12'
2026-10-02 13:29:00 - b'INFO  main_iterate.cpp              :  174 - Read 786524 contigs'
2026-10-02 13:29:01 - b'INFO  main_iterate.cpp              :  176 - Number of flank kmers: 1565743'
2026-10-02 13:29:02 - b'INFO  main_iterate.cpp              :  174 - Read 381086 contigs'
2026-10-02 13:29:02 - b'INFO  main_iterate.cpp              :  176 - Number of flank kmers: 2323649'
2026-10-02 13:29:03 - b'INFO  main_iterate.cpp              :  174 - Read 673658 contigs'
2026-10-02 13:29:04 - b'INFO  main_iterate.cpp              :  176 - Number of flank kmers: 3488922'
2026-10-02 13:29:04 - b'INFO  main_iterate.cpp              :  123 - Selected kmer type size for next k: 16'
2026-10-02 13:29:07 - b'INFO  main_iterate.cpp              :  138 - Processed: 4194304, aligned: 321334. Iterative edges: 2369706'
2026-10-02 13:29:09 - b'INFO  main_iterate.cpp              :  138 - Processed: 8388608, aligned: 640198. Iterative edges: 3918530'
2026-10-02 13:29:12 - b'INFO  main_iterate.cpp              :  138 - Processed: 12582912, aligned: 960697. Iterative edges: 5116610'
2026-10-02 13:29:14 - b'INFO  main_iterate.cpp              :  138 - Processed: 16777216, aligned: 1282216. Iterative edges: 6085008'
2026-10-02 13:29:17 - b'INFO  main_iterate.cpp              :  138 - Processed: 20971520, aligned: 1604253. Iterative edges: 6900664'
2026-10-02 13:29:19 - b'INFO  main_iterate.cpp              :  138 - Processed: 25165824, aligned: 1926352. Iterative edges: 7614581'
2026-10-02 13:29:22 - b'INFO  main_iterate.cpp              :  138 - Processed: 29360128, aligned: 2245618. Iterative edges: 8226331'
2026-10-02 13:29:24 - b'INFO  main_iterate.cpp              :  138 - Processed: 33554432, aligned: 2566920. Iterative edges: 8778242'
2026-10-02 13:29:26 - b'INFO  main_iterate.cpp              :  138 - Processed: 37748736, aligned: 2887029. Iterative edges: 9281609'
2026-10-02 13:29:29 - b'INFO  main_iterate.cpp              :  138 - Processed: 41943040, aligned: 3206751. Iterative edges: 9732383'
2026-10-02 13:29:31 - b'INFO  main_iterate.cpp              :  138 - Processed: 46137344, aligned: 3527936. Iterative edges: 10145160'
2026-10-02 13:29:34 - b'INFO  main_iterate.cpp              :  138 - Processed: 50331648, aligned: 3851329. Iterative edges: 10522542'
2026-10-02 13:29:36 - b'INFO  main_iterate.cpp              :  138 - Processed: 54525952, aligned: 4177423. Iterative edges: 11049344'
2026-10-02 13:29:39 - b'INFO  main_iterate.cpp              :  138 - Processed: 58720256, aligned: 4515056. Iterative edges: 11864639'
2026-10-02 13:29:41 - b'INFO  main_iterate.cpp              :  138 - Processed: 62914560, aligned: 4854286. Iterative edges: 12552963'
2026-10-02 13:29:43 - b'INFO  main_iterate.cpp              :  138 - Processed: 67108864, aligned: 5191267. Iterative edges: 13145742'
2026-10-02 13:29:46 - b'INFO  main_iterate.cpp              :  138 - Processed: 71303168, aligned: 5528042. Iterative edges: 13662718'
2026-10-02 13:29:48 - b'INFO  main_iterate.cpp              :  138 - Processed: 75497472, aligned: 5865993. Iterative edges: 14109024'
2026-10-02 13:29:51 - b'INFO  main_iterate.cpp              :  138 - Processed: 79691776, aligned: 6204792. Iterative edges: 14496533'
2026-10-02 13:29:53 - b'INFO  main_iterate.cpp              :  138 - Processed: 83886080, aligned: 6542777. Iterative edges: 14844860'
2026-10-02 13:29:55 - b'INFO  main_iterate.cpp              :  138 - Processed: 88080384, aligned: 6882089. Iterative edges: 15154287'
2026-10-02 13:29:58 - b'INFO  main_iterate.cpp              :  138 - Processed: 92274688, aligned: 7221486. Iterative edges: 15429747'
2026-10-02 13:30:00 - b'INFO  main_iterate.cpp              :  138 - Processed: 96468992, aligned: 7558891. Iterative edges: 15677298'
2026-10-02 13:30:03 - b'INFO  main_iterate.cpp              :  138 - Processed: 100663296, aligned: 7895544. Iterative edges: 15900262'
2026-10-02 13:30:05 - b'INFO  main_iterate.cpp              :  138 - Processed: 104857600, aligned: 8232685. Iterative edges: 16107003'
2026-10-02 13:30:07 - b'INFO  main_iterate.cpp              :  138 - Processed: 109051904, aligned: 8570263. Iterative edges: 16296081'
2026-10-02 13:30:10 - b'INFO  main_iterate.cpp              :  138 - Processed: 113246208, aligned: 8907873. Iterative edges: 16471547'
2026-10-02 13:30:12 - b'INFO  main_iterate.cpp              :  138 - Processed: 117440512, aligned: 9247974. Iterative edges: 16633462'
2026-10-02 13:30:15 - b'INFO  main_iterate.cpp              :  138 - Processed: 121634816, aligned: 9588368. Iterative edges: 16780971'
2026-10-02 13:30:17 - b'INFO  main_iterate.cpp              :  138 - Processed: 125829120, aligned: 9926672. Iterative edges: 16916896'
2026-10-02 13:30:19 - b'INFO  main_iterate.cpp              :  138 - Processed: 130023424, aligned: 10266541. Iterative edges: 17049153'
2026-10-02 13:30:22 - b'INFO  main_iterate.cpp              :  138 - Processed: 134217728, aligned: 10605656. Iterative edges: 17167590'
2026-10-02 13:30:24 - b'INFO  main_iterate.cpp              :  138 - Processed: 138412032, aligned: 10936756. Iterative edges: 17318441'
2026-10-02 13:30:27 - b'INFO  main_iterate.cpp              :  138 - Processed: 142606336, aligned: 11252472. Iterative edges: 17496455'
2026-10-02 13:30:29 - b'INFO  main_iterate.cpp              :  138 - Processed: 146800640, aligned: 11569613. Iterative edges: 17658987'
2026-10-02 13:30:31 - b'INFO  main_iterate.cpp              :  138 - Processed: 150994944, aligned: 11886119. Iterative edges: 17815380'
2026-10-02 13:30:34 - b'INFO  main_iterate.cpp              :  138 - Processed: 155189248, aligned: 12202236. Iterative edges: 17966646'
2026-10-02 13:30:36 - b'INFO  main_iterate.cpp              :  138 - Processed: 159383552, aligned: 12505547. Iterative edges: 18489720'
2026-10-02 13:30:38 - b'INFO  main_iterate.cpp              :  138 - Processed: 163577856, aligned: 12799523. Iterative edges: 19153785'
2026-10-02 13:30:41 - b'INFO  main_iterate.cpp              :  138 - Processed: 167772160, aligned: 13093665. Iterative edges: 19757504'
2026-10-02 13:30:43 - b'INFO  main_iterate.cpp              :  138 - Processed: 171966464, aligned: 13388190. Iterative edges: 20288764'
2026-10-02 13:30:46 - b'INFO  main_iterate.cpp              :  138 - Processed: 176160768, aligned: 13684868. Iterative edges: 20784339'
2026-10-02 13:30:48 - b'INFO  main_iterate.cpp              :  138 - Processed: 180355072, aligned: 13980790. Iterative edges: 21234228'
2026-10-02 13:30:50 - b'INFO  main_iterate.cpp              :  138 - Processed: 184549376, aligned: 14276241. Iterative edges: 21639474'
2026-10-02 13:30:53 - b'INFO  main_iterate.cpp              :  138 - Processed: 188743680, aligned: 14568900. Iterative edges: 22024485'
2026-10-02 13:30:55 - b'INFO  main_iterate.cpp              :  138 - Processed: 192937984, aligned: 14863038. Iterative edges: 22369933'
2026-10-02 13:30:58 - b'INFO  main_iterate.cpp              :  138 - Processed: 197132288, aligned: 15157994. Iterative edges: 22692761'
2026-10-02 13:31:00 - b'INFO  main_iterate.cpp              :  138 - Processed: 201326592, aligned: 15453256. Iterative edges: 22988936'
2026-10-02 13:31:03 - b'INFO  main_iterate.cpp              :  138 - Processed: 205520896, aligned: 15750623. Iterative edges: 23262436'
2026-10-02 13:31:05 - b'INFO  main_iterate.cpp              :  138 - Processed: 209715200, aligned: 15960485. Iterative edges: 23702679'
2026-10-02 13:31:07 - b'INFO  main_iterate.cpp              :  138 - Processed: 213909504, aligned: 16113308. Iterative edges: 24171340'
2026-10-02 13:31:10 - b'INFO  main_iterate.cpp              :  138 - Processed: 218103808, aligned: 16267103. Iterative edges: 24567963'
2026-10-02 13:31:12 - b'INFO  main_iterate.cpp              :  138 - Processed: 222298112, aligned: 16457737. Iterative edges: 25066375'
2026-10-02 13:31:14 - b'INFO  main_iterate.cpp              :  138 - Processed: 226492416, aligned: 16681816. Iterative edges: 25487033'
2026-10-02 13:31:17 - b'INFO  main_iterate.cpp              :  138 - Processed: 230686720, aligned: 16908134. Iterative edges: 25753186'
2026-10-02 13:31:19 - b'INFO  main_iterate.cpp              :  138 - Processed: 234881024, aligned: 17134351. Iterative edges: 25939568'
2026-10-02 13:31:22 - b'INFO  main_iterate.cpp              :  138 - Processed: 239075328, aligned: 17360199. Iterative edges: 26070897'
2026-10-02 13:31:22 - b'INFO  main_iterate.cpp              :  138 - Processed: 239650074, aligned: 17391344. Iterative edges: 26086986'
2026-10-02 13:31:26 - b'INFO  main_iterate.cpp              :  142 - Total: 239650074, aligned: 17391344. Iterative edges: 26086986'
2026-10-02 13:31:30 - b'INFO  utils/utils.h                 :  152 - Real: 153.4678\tuser: 3227.2835\tsys: 7.6040\tmaxrss: 1406144'
2026-10-02 13:31:30 - Build graph for k = 59 
2026-10-02 13:31:30 - b'INFO  sorting/base_engine.cpp       :  148 - Preparing data...'
2026-10-02 13:31:30 - b'INFO  sorting/seq_to_sdbg.cpp       :  369 - Number edges: 26086986'
2026-10-02 13:31:30 - b'INFO  sorting/seq_to_sdbg.cpp       :  413 - Bases to reserve: 2533183066, number contigs: 16794407, number multiplicity: 42881393'
2026-10-02 13:31:30 - b'INFO  sorting/seq_to_sdbg.cpp       :  421 - Before reading, sizeof seq_package: 767651032, multiplicity vector: 42881393'
2026-10-02 13:31:31 - b'INFO  sorting/seq_to_sdbg.cpp       :  428 - Read 26086986 edges.'
2026-10-02 13:31:31 - b'INFO  sorting/seq_to_sdbg.cpp       :  429 - After reading, sizeof seq_package: 767651032/26086986/1565219160, multiplicity vector: 26086986/42881393'
2026-10-02 13:31:42 - b'INFO  sorting/seq_to_sdbg.cpp       :  458 - Read 14567840 contigs from /labgenomaarea2/valentina.pavelecini/EHI/Megahit/coassembly/intermediate_contigs/k39.contigs.fa.'
2026-10-02 13:31:42 - b'INFO  sorting/seq_to_sdbg.cpp       :  459 - After reading contigs, sizeof seq_package: 1400946800/40654826/4441365264, multiplicity vector: 40654826/42881393'
2026-10-02 13:31:42 - b'INFO  sorting/seq_to_sdbg.cpp       :  470 - Read 585508 contigs from /labgenomaarea2/valentina.pavelecini/EHI/Megahit/coassembly/intermediate_contigs/k39.bubble_seq.fa.'
2026-10-02 13:31:42 - b'INFO  sorting/seq_to_sdbg.cpp       :  471 - After reading contigs, sizeof seq_package: 1400946800/41240334/4568471176, multiplicity vector: 41240334/42881393'
2026-10-02 13:31:43 - b'INFO  sorting/seq_to_sdbg.cpp       :  484 - Read 50867 contigs from /labgenomaarea2/valentina.pavelecini/EHI/Megahit/coassembly/intermediate_contigs/k39.addi.fa.'
2026-10-02 13:31:43 - b'INFO  sorting/seq_to_sdbg.cpp       :  485 - After reading contigs, sizeof seq_package: 1400946800/41291201/4606877810, multiplicity vector: 41291201/42881393'
2026-10-02 13:31:45 - b'INFO  sorting/seq_to_sdbg.cpp       :  498 - Read 1368981 contigs from /labgenomaarea2/valentina.pavelecini/EHI/Megahit/coassembly/intermediate_contigs/k39.local.fa.'
2026-10-02 13:31:45 - b'INFO  sorting/seq_to_sdbg.cpp       :  499 - After reading contigs, sizeof seq_package: 2667538336/42660182/5142929788, multiplicity vector: 42660182/42881393'
2026-10-02 13:31:45 - b'INFO  sorting/seq_to_sdbg.cpp       :  506 - Finally, sizeof seq_package: 2667538336/42660182/5142929788, multiplicity vector: 42660182/42881393'
2026-10-02 13:31:45 - b'INFO  sorting/base_engine.cpp       :  153 - Preparing data... Done. Time elapsed: 14.9295'
2026-10-02 13:31:45 - b'INFO  sorting/base_engine.cpp       :  156 - Preparing partitions and calculating bucket sizes...'
2026-10-02 13:31:50 - b'INFO  sorting/base_engine.cpp       :   80 - Minimum memory required: 2979416914 bytes'
2026-10-02 13:31:52 - b'INFO  sorting/base_engine.cpp       :  138 - Lv1 items: 723013177, Lv2 items: 5957424'
2026-10-02 13:31:52 - b'INFO  sorting/base_engine.cpp       :  139 - Memory of derived class: 2793480290, Memory for Lv1+Lv2: 3011201188'
2026-10-02 13:31:52 - b'INFO  sorting/base_engine.cpp       :  165 - Preparing partitions and calculating bucket sizes... Done. Time elapsed: 6.3456'
2026-10-02 13:31:52 - b'INFO  sorting/base_engine.cpp       :  172 - Start main loop...'
2026-10-02 13:31:52 - b'INFO  sorting/base_engine.cpp       :  185 - Lv1 scanning from bucket 0 to 2958'
2026-10-02 13:31:58 - b'INFO  sorting/base_engine.cpp       :  192 - Lv1 scanning done. Large diff: 0. Time elapsed: 6.2125'
2026-10-02 13:32:11 - b'INFO  sorting/base_engine.cpp       :  198 - Lv1 fetching & sorting done. Time elapsed: 13.2560'
2026-10-02 13:32:11 - b'INFO  sorting/base_engine.cpp       :  185 - Lv1 scanning from bucket 2958 to 8016'
2026-10-02 13:32:18 - b'INFO  sorting/base_engine.cpp       :  192 - Lv1 scanning done. Large diff: 0. Time elapsed: 7.3879'
2026-10-02 13:32:31 - b'INFO  sorting/base_engine.cpp       :  198 - Lv1 fetching & sorting done. Time elapsed: 12.4165'
2026-10-02 13:32:31 - b'INFO  sorting/base_engine.cpp       :  185 - Lv1 scanning from bucket 8016 to 14391'
2026-10-02 13:32:39 - b'INFO  sorting/base_engine.cpp       :  192 - Lv1 scanning done. Large diff: 0. Time elapsed: 7.6863'
2026-10-02 13:32:58 - b'INFO  sorting/base_engine.cpp       :  198 - Lv1 fetching & sorting done. Time elapsed: 19.3679'
2026-10-02 13:32:58 - b'INFO  sorting/base_engine.cpp       :  185 - Lv1 scanning from bucket 14391 to 21997'
2026-10-02 13:33:06 - b'INFO  sorting/base_engine.cpp       :  192 - Lv1 scanning done. Large diff: 0. Time elapsed: 7.9844'
2026-10-02 13:33:23 - b'INFO  sorting/base_engine.cpp       :  198 - Lv1 fetching & sorting done. Time elapsed: 16.8385'
2026-10-02 13:33:23 - b'INFO  sorting/base_engine.cpp       :  185 - Lv1 scanning from bucket 21997 to 31015'
2026-10-02 13:33:31 - b'INFO  sorting/base_engine.cpp       :  192 - Lv1 scanning done. Large diff: 0. Time elapsed: 8.1503'
2026-10-02 13:33:50 - b'INFO  sorting/base_engine.cpp       :  198 - Lv1 fetching & sorting done. Time elapsed: 18.9787'
2026-10-02 13:33:50 - b'INFO  sorting/base_engine.cpp       :  185 - Lv1 scanning from bucket 31015 to 41952'
2026-10-02 13:33:58 - b'INFO  sorting/base_engine.cpp       :  192 - Lv1 scanning done. Large diff: 0. Time elapsed: 8.3829'
2026-10-02 13:34:13 - b'INFO  sorting/base_engine.cpp       :  198 - Lv1 fetching & sorting done. Time elapsed: 14.5332'
2026-10-02 13:34:13 - b'INFO  sorting/base_engine.cpp       :  185 - Lv1 scanning from bucket 41952 to 56374'
2026-10-02 13:34:21 - b'INFO  sorting/base_engine.cpp       :  192 - Lv1 scanning done. Large diff: 0. Time elapsed: 8.5202'
2026-10-02 13:34:38 - b'INFO  sorting/base_engine.cpp       :  198 - Lv1 fetching & sorting done. Time elapsed: 16.7578'
2026-10-02 13:34:38 - b'INFO  sorting/base_engine.cpp       :  185 - Lv1 scanning from bucket 56374 to 65536'
2026-10-02 13:34:43 - b'INFO  sorting/base_engine.cpp       :  192 - Lv1 scanning done. Large diff: 0. Time elapsed: 5.3594'
2026-10-02 13:34:50 - b'INFO  sorting/base_engine.cpp       :  198 - Lv1 fetching & sorting done. Time elapsed: 6.4708'
2026-10-02 13:34:50 - b'INFO  sorting/base_engine.cpp       :  204 - Main loop done. Time elapsed: 178.3069'
2026-10-02 13:34:50 - b'INFO  sorting/base_engine.cpp       :  207 - Postprocessing...'
2026-10-02 13:35:00 - b'INFO  sorting/seq_to_sdbg.cpp       :  793 - Number of $ A C G T A- C- G- T-:'
2026-10-02 13:35:00 - b'INFO  sorting/seq_to_sdbg.cpp       :  794 - 28233981 1064443012 1044903034 1049408646 1062645004 348351 334097 281501 369742'
2026-10-02 13:35:00 - b'INFO  sorting/seq_to_sdbg.cpp       :  800 - Total number of edges: 4250967368'
2026-10-02 13:35:00 - b'INFO  sorting/seq_to_sdbg.cpp       :  801 - Total number of ONEs: 4221399696'
2026-10-02 13:35:00 - b'INFO  sorting/seq_to_sdbg.cpp       :  802 - Total number of $v edges: 28233981'
2026-10-02 13:35:00 - b'INFO  sorting/base_engine.cpp       :  210 - Postprocess done. Time elapsed: 9.9902'
2026-10-02 13:35:00 - b'INFO  utils/utils.h                 :  152 - Real: 209.7536\tuser: 2638.8144\tsys: 48.2083\tmaxrss: 4510876'
2026-10-02 13:35:00 - Assemble contigs from SdBG for k = 59
2026-10-02 13:35:55 - b'INFO  main_assemble.cpp             :  129 - Loading succinct de Bruijn graph: /labgenomaarea2/valentina.pavelecini/EHI/Megahit/coassembly/tmp/k59/59Done. Time elapsed: 54.793789'
2026-10-02 13:35:55 - b'INFO  main_assemble.cpp             :  133 - Number of Edges: 4250967368; K value: 59'
2026-10-02 13:35:55 - b'INFO  main_assemble.cpp             :  140 - Number of CPU threads: 24'
2026-10-02 13:36:40 - b'INFO  assembly/sdbg_pruning.cpp     :  160 - Removing tips with length less than 2; Accumulated tips removed: 23287; time elapsed: 4.0717'
2026-10-02 13:36:47 - b'INFO  assembly/sdbg_pruning.cpp     :  160 - Removing tips with length less than 4; Accumulated tips removed: 63713; time elapsed: 6.7837'
2026-10-02 13:37:04 - b'INFO  assembly/sdbg_pruning.cpp     :  160 - Removing tips with length less than 8; Accumulated tips removed: 134407; time elapsed: 16.8556'
2026-10-02 13:37:44 - b'INFO  assembly/sdbg_pruning.cpp     :  160 - Removing tips with length less than 16; Accumulated tips removed: 259653; time elapsed: 40.3600'
2026-10-02 13:39:10 - b'INFO  assembly/sdbg_pruning.cpp     :  160 - Removing tips with length less than 32; Accumulated tips removed: 442231; time elapsed: 85.8389'
2026-10-02 13:41:58 - b'INFO  assembly/sdbg_pruning.cpp     :  160 - Removing tips with length less than 64; Accumulated tips removed: 2815206; time elapsed: 168.0767'
2026-10-02 13:44:58 - b'INFO  assembly/sdbg_pruning.cpp     :  169 - Removing tips with length less than 118; Accumulated tips removed: 20282966; time elapsed: 179.7960'
2026-10-02 13:44:58 - b'INFO  main_assemble.cpp             :  158 - Tips removal done! Time elapsed(sec): 542.838'
2026-10-02 13:48:08 - b'INFO  assembly/unitig_graph.cpp     :   83 - Graph size without loops: 5479256, palindrome: 154'
2026-10-02 13:48:54 - b'INFO  main_assemble.cpp             :  166 - unitig graph size: 5528716, time for building: 235.923'
2026-10-02 13:49:01 - b'INFO  assembly/contig_stat.h        :   40 - Max: 237705, Min: 60, N50: 273, number contigs: 5528716, number isolated: 4131659, number looped: 49460, total size: 1599550138,'
2026-10-02 13:49:01 - b'INFO  main_assemble.cpp             :  184 - Graph cleaning round 1'
2026-10-02 13:49:04 - b'INFO  main_assemble.cpp             :  200 - Number of bubbles removed: 93978, Time elapsed(sec): 2.155'
2026-10-02 13:49:07 - b'INFO  main_assemble.cpp             :  210 - Number of complex bubbles removed: 77226, Time elapsed(sec): 3.465362'
2026-10-02 13:49:08 - b'INFO  main_assemble.cpp             :  221 - Number unitigs disconnected: 176175, time: 0.874'
2026-10-02 13:49:08 - b'INFO  main_assemble.cpp             :  245 - Unitigs removed in excessive pruning: 30317, time: 0.551'
2026-10-02 13:49:08 - b'INFO  main_assemble.cpp             :  184 - Graph cleaning round 2'
2026-10-02 13:49:11 - b'INFO  main_assemble.cpp             :  192 - Tips removed: 44705, time: 2.631'
2026-10-02 13:49:12 - b'INFO  main_assemble.cpp             :  200 - Number of bubbles removed: 1204, Time elapsed(sec): 0.825'
2026-10-02 13:49:13 - b'INFO  main_assemble.cpp             :  210 - Number of complex bubbles removed: 3631, Time elapsed(sec): 1.285864'
2026-10-02 13:49:14 - b'INFO  main_assemble.cpp             :  221 - Number unitigs disconnected: 6876, time: 0.653'
2026-10-02 13:49:14 - b'INFO  main_assemble.cpp             :  245 - Unitigs removed in excessive pruning: 2318, time: 0.437'
2026-10-02 13:49:14 - b'INFO  main_assemble.cpp             :  184 - Graph cleaning round 3'
2026-10-02 13:49:17 - b'INFO  main_assemble.cpp             :  192 - Tips removed: 1585, time: 2.476'
2026-10-02 13:49:17 - b'INFO  main_assemble.cpp             :  200 - Number of bubbles removed: 54, Time elapsed(sec): 0.714'
2026-10-02 13:49:18 - b'INFO  main_assemble.cpp             :  210 - Number of complex bubbles removed: 97, Time elapsed(sec): 0.946277'
2026-10-02 13:49:19 - b'INFO  main_assemble.cpp             :  221 - Number unitigs disconnected: 902, time: 0.647'
2026-10-02 13:49:19 - b'INFO  main_assemble.cpp             :  245 - Unitigs removed in excessive pruning: 374, time: 0.428'
2026-10-02 13:49:19 - b'INFO  main_assemble.cpp             :  184 - Graph cleaning round 4'
2026-10-02 13:49:22 - b'INFO  main_assemble.cpp             :  192 - Tips removed: 214, time: 2.471'
2026-10-02 13:49:23 - b'INFO  main_assemble.cpp             :  200 - Number of bubbles removed: 2, Time elapsed(sec): 0.681'
2026-10-02 13:49:24 - b'INFO  main_assemble.cpp             :  210 - Number of complex bubbles removed: 3, Time elapsed(sec): 0.925033'
2026-10-02 13:49:24 - b'INFO  main_assemble.cpp             :  221 - Number unitigs disconnected: 161, time: 0.653'
2026-10-02 13:49:25 - b'INFO  main_assemble.cpp             :  245 - Unitigs removed in excessive pruning: 82, time: 0.427'
2026-10-02 13:49:25 - b'INFO  main_assemble.cpp             :  184 - Graph cleaning round 5'
2026-10-02 13:49:27 - b'INFO  main_assemble.cpp             :  192 - Tips removed: 46, time: 2.429'
2026-10-02 13:49:28 - b'INFO  main_assemble.cpp             :  200 - Number of bubbles removed: 0, Time elapsed(sec): 0.642'
2026-10-02 13:49:29 - b'INFO  main_assemble.cpp             :  210 - Number of complex bubbles removed: 1, Time elapsed(sec): 0.911844'
2026-10-02 13:49:29 - b'INFO  main_assemble.cpp             :  221 - Number unitigs disconnected: 31, time: 0.645'
2026-10-02 13:49:30 - b'INFO  main_assemble.cpp             :  245 - Unitigs removed in excessive pruning: 10, time: 0.425'
2026-10-02 13:49:36 - b'INFO  assembly/contig_stat.h        :   40 - Max: 314798, Min: 60, N50: 293, number contigs: 4711077, number isolated: 4234589, number looped: 49011, total size: 1534988908,'
2026-10-02 13:50:35 - b'INFO  main_assemble.cpp             :  267 - Time to output: 58.844184'
2026-10-02 13:50:57 - b'INFO  main_assemble.cpp             :  286 - Number of local low depth unitigs removed: 25826, complex bubbles removed: 1038, time: 21.912618'
2026-10-02 13:51:03 - b'INFO  assembly/contig_stat.h        :   40 - Max: 314798, Min: 60, N50: 296, number contigs: 4649662, number isolated: 4245741, number looped: 49052, total size: 1529789717,'
2026-10-02 13:52:01 - b'INFO  utils/utils.h                 :  152 - Real: 1021.2148\tuser: 20706.3051\tsys: 39.4779\tmaxrss: 9892608'
2026-10-02 13:52:04 - Local assembly for k = 59
2026-10-02 13:55:22 - b'INFO  localasm/hash_mapper.cpp      :   99 - Number of contigs: 3443781, index size: 152508365'
2026-10-02 13:55:22 - b'INFO  localasm/local_assemble.cpp   :  315 - Hash mapper construction time elapsed: 198.671995'
2026-10-02 13:55:22 - b'INFO  sequence/io/sequence_lib.cpp  :  115 - Before reading, sizeof seq_package: 10440665032'
2026-10-02 13:55:38 - b'INFO  sequence/io/sequence_lib.cpp  :  117 - After reading, sizeof seq_package: 10440665032'
2026-10-02 13:55:38 - b'INFO  localasm/local_assemble.cpp   :  324 - Read lib time elapsed: 15.812740'
2026-10-02 13:55:39 - b'INFO  localasm/local_assemble.cpp   :  133 - Lib 0, insert size: 225.00 sd: 90.28'
2026-10-02 13:55:39 - b'INFO  localasm/local_assemble.cpp   :  133 - Lib 1, insert size: 224.00 sd: 97.12'
2026-10-02 13:55:40 - b'INFO  localasm/local_assemble.cpp   :  133 - Lib 2, insert size: 214.00 sd: 97.72'
2026-10-02 13:55:41 - b'INFO  localasm/local_assemble.cpp   :  133 - Lib 3, insert size: 226.00 sd: 96.37'
2026-10-02 13:55:42 - b'INFO  localasm/local_assemble.cpp   :  133 - Lib 4, insert size: 215.00 sd: 82.84'
2026-10-02 13:55:43 - b'INFO  localasm/local_assemble.cpp   :  133 - Lib 5, insert size: 235.00 sd: 90.36'
2026-10-02 13:55:43 - b'INFO  localasm/local_assemble.cpp   :  330 - Insert size estimation time elapsed: 4.495027'
2026-10-02 13:56:19 - b'INFO  localasm/local_assemble.cpp   :  218 - Lib 0: total 53289964 reads, aligned 34794710, added 5033245 reads to local assembly'
2026-10-02 13:57:12 - b'INFO  localasm/local_assemble.cpp   :  218 - Lib 1: total 83669984 reads, aligned 56882539, added 8326337 reads to local assembly'
2026-10-02 13:57:24 - b'INFO  localasm/local_assemble.cpp   :  218 - Lib 2: total 19794118 reads, aligned 13854741, added 1751500 reads to local assembly'
2026-10-02 13:57:56 - b'INFO  localasm/local_assemble.cpp   :  218 - Lib 3: total 50413130 reads, aligned 31786587, added 4929523 reads to local assembly'
2026-10-02 13:58:03 - b'INFO  localasm/local_assemble.cpp   :  218 - Lib 4: total 12885188 reads, aligned 5099847, added 886807 reads to local assembly'
2026-10-02 13:58:16 - b'INFO  localasm/local_assemble.cpp   :  218 - Lib 5: total 19597690 reads, aligned 10913275, added 1760082 reads to local assembly'
2026-10-02 13:58:16 - b'INFO  localasm/local_assemble.cpp   :  338 - Mapping time elapsed: 153.345890'
2026-10-02 13:58:16 - b'INFO  localasm/local_assemble.cpp   :  232 - Minimum number of reads to do local assembly: 3'
2026-10-02 14:05:13 - b'INFO  localasm/local_assemble.cpp   :  346 - Local assembly time elapsed: 417.429153'
2026-10-02 14:05:16 - b'INFO  utils/utils.h                 :  152 - Real: 792.5004\tuser: 18055.6752\tsys: 56.0919\tmaxrss: 19844036'
2026-10-02 14:05:16 - Extract iterative edges from k = 59 to 79 
2026-10-02 14:05:16 - b'INFO  main_iterate.cpp              :  190 - Selected kmer type size for k: 16'
2026-10-02 14:05:18 - b'INFO  main_iterate.cpp              :  174 - Read 476488 contigs'
2026-10-02 14:05:19 - b'INFO  main_iterate.cpp              :  176 - Number of flank kmers: 948646'
2026-10-02 14:05:19 - b'INFO  main_iterate.cpp              :  174 - Read 141317 contigs'
2026-10-02 14:05:20 - b'INFO  main_iterate.cpp              :  176 - Number of flank kmers: 1194722'
2026-10-02 14:05:20 - b'INFO  main_iterate.cpp              :  123 - Selected kmer type size for next k: 20'
2026-10-02 14:05:21 - b'INFO  main_iterate.cpp              :  138 - Processed: 4194304, aligned: 124905. Iterative edges: 804822'
2026-10-02 14:05:23 - b'INFO  main_iterate.cpp              :  138 - Processed: 8388608, aligned: 250394. Iterative edges: 1327249'
2026-10-02 14:05:24 - b'INFO  main_iterate.cpp              :  138 - Processed: 12582912, aligned: 374609. Iterative edges: 1716125'
2026-10-02 14:05:25 - b'INFO  main_iterate.cpp              :  138 - Processed: 16777216, aligned: 500704. Iterative edges: 2031478'
2026-10-02 14:05:27 - b'INFO  main_iterate.cpp              :  138 - Processed: 20971520, aligned: 626096. Iterative edges: 2286341'
2026-10-02 14:05:28 - b'INFO  main_iterate.cpp              :  138 - Processed: 25165824, aligned: 752060. Iterative edges: 2512131'
2026-10-02 14:05:29 - b'INFO  main_iterate.cpp              :  138 - Processed: 29360128, aligned: 876330. Iterative edges: 2695867'
2026-10-02 14:05:31 - b'INFO  main_iterate.cpp              :  138 - Processed: 33554432, aligned: 1002014. Iterative edges: 2862115'
2026-10-02 14:05:32 - b'INFO  main_iterate.cpp              :  138 - Processed: 37748736, aligned: 1126703. Iterative edges: 3011713'
2026-10-02 14:05:33 - b'INFO  main_iterate.cpp              :  138 - Processed: 41943040, aligned: 1251871. Iterative edges: 3146544'
2026-10-02 14:05:35 - b'INFO  main_iterate.cpp              :  138 - Processed: 46137344, aligned: 1377706. Iterative edges: 3269804'
2026-10-02 14:05:36 - b'INFO  main_iterate.cpp              :  138 - Processed: 50331648, aligned: 1504067. Iterative edges: 3381668'
2026-10-02 14:05:37 - b'INFO  main_iterate.cpp              :  138 - Processed: 54525952, aligned: 1629941. Iterative edges: 3527376'
2026-10-02 14:05:39 - b'INFO  main_iterate.cpp              :  138 - Processed: 58720256, aligned: 1757857. Iterative edges: 3740242'
2026-10-02 14:05:40 - b'INFO  main_iterate.cpp              :  138 - Processed: 62914560, aligned: 1885997. Iterative edges: 3919887'
2026-10-02 14:05:41 - b'INFO  main_iterate.cpp              :  138 - Processed: 67108864, aligned: 2014205. Iterative edges: 4073680'
2026-10-02 14:05:42 - b'INFO  main_iterate.cpp              :  138 - Processed: 71303168, aligned: 2141563. Iterative edges: 4205632'
2026-10-02 14:05:44 - b'INFO  main_iterate.cpp              :  138 - Processed: 75497472, aligned: 2269613. Iterative edges: 4318311'
2026-10-02 14:05:45 - b'INFO  main_iterate.cpp              :  138 - Processed: 79691776, aligned: 2398206. Iterative edges: 4416799'
2026-10-02 14:05:46 - b'INFO  main_iterate.cpp              :  138 - Processed: 83886080, aligned: 2527207. Iterative edges: 4503228'
2026-10-02 14:05:48 - b'INFO  main_iterate.cpp              :  138 - Processed: 88080384, aligned: 2656828. Iterative edges: 4581766'
2026-10-02 14:05:49 - b'INFO  main_iterate.cpp              :  138 - Processed: 92274688, aligned: 2786978. Iterative edges: 4650415'
2026-10-02 14:05:50 - b'INFO  main_iterate.cpp              :  138 - Processed: 96468992, aligned: 2915060. Iterative edges: 4710487'
2026-10-02 14:05:51 - b'INFO  main_iterate.cpp              :  138 - Processed: 100663296, aligned: 3042382. Iterative edges: 4761989'
2026-10-02 14:05:53 - b'INFO  main_iterate.cpp              :  138 - Processed: 104857600, aligned: 3170752. Iterative edges: 4812591'
2026-10-02 14:05:54 - b'INFO  main_iterate.cpp              :  138 - Processed: 109051904, aligned: 3299184. Iterative edges: 4856609'
2026-10-02 14:05:55 - b'INFO  main_iterate.cpp              :  138 - Processed: 113246208, aligned: 3427516. Iterative edges: 4897080'
2026-10-02 14:05:57 - b'INFO  main_iterate.cpp              :  138 - Processed: 117440512, aligned: 3557160. Iterative edges: 4935385'
2026-10-02 14:05:58 - b'INFO  main_iterate.cpp              :  138 - Processed: 121634816, aligned: 3687014. Iterative edges: 4971225'
2026-10-02 14:05:59 - b'INFO  main_iterate.cpp              :  138 - Processed: 125829120, aligned: 3816531. Iterative edges: 5003465'
2026-10-02 14:06:00 - b'INFO  main_iterate.cpp              :  138 - Processed: 130023424, aligned: 3945136. Iterative edges: 5033578'
2026-10-02 14:06:02 - b'INFO  main_iterate.cpp              :  138 - Processed: 134217728, aligned: 4075156. Iterative edges: 5061164'
2026-10-02 14:06:03 - b'INFO  main_iterate.cpp              :  138 - Processed: 138412032, aligned: 4201595. Iterative edges: 5097886'
2026-10-02 14:06:04 - b'INFO  main_iterate.cpp              :  138 - Processed: 142606336, aligned: 4324120. Iterative edges: 5145083'
2026-10-02 14:06:05 - b'INFO  main_iterate.cpp              :  138 - Processed: 146800640, aligned: 4447477. Iterative edges: 5187764'
2026-10-02 14:06:07 - b'INFO  main_iterate.cpp              :  138 - Processed: 150994944, aligned: 4570913. Iterative edges: 5227925'
2026-10-02 14:06:08 - b'INFO  main_iterate.cpp              :  138 - Processed: 155189248, aligned: 4693473. Iterative edges: 5266539'
2026-10-02 14:06:09 - b'INFO  main_iterate.cpp              :  138 - Processed: 159383552, aligned: 4808094. Iterative edges: 5401378'
2026-10-02 14:06:11 - b'INFO  main_iterate.cpp              :  138 - Processed: 163577856, aligned: 4918025. Iterative edges: 5574015'
2026-10-02 14:06:12 - b'INFO  main_iterate.cpp              :  138 - Processed: 167772160, aligned: 5027346. Iterative edges: 5728581'
2026-10-02 14:06:13 - b'INFO  main_iterate.cpp              :  138 - Processed: 171966464, aligned: 5136599. Iterative edges: 5862888'
2026-10-02 14:06:14 - b'INFO  main_iterate.cpp              :  138 - Processed: 176160768, aligned: 5247240. Iterative edges: 5990067'
2026-10-02 14:06:16 - b'INFO  main_iterate.cpp              :  138 - Processed: 180355072, aligned: 5357541. Iterative edges: 6103874'
2026-10-02 14:06:17 - b'INFO  main_iterate.cpp              :  138 - Processed: 184549376, aligned: 5468070. Iterative edges: 6207664'
2026-10-02 14:06:18 - b'INFO  main_iterate.cpp              :  138 - Processed: 188743680, aligned: 5577625. Iterative edges: 6304564'
2026-10-02 14:06:20 - b'INFO  main_iterate.cpp              :  138 - Processed: 192937984, aligned: 5687468. Iterative edges: 6391669'
2026-10-02 14:06:21 - b'INFO  main_iterate.cpp              :  138 - Processed: 197132288, aligned: 5798374. Iterative edges: 6471349'
2026-10-02 14:06:22 - b'INFO  main_iterate.cpp              :  138 - Processed: 201326592, aligned: 5908692. Iterative edges: 6544391'
2026-10-02 14:06:23 - b'INFO  main_iterate.cpp              :  138 - Processed: 205520896, aligned: 6020291. Iterative edges: 6613180'
2026-10-02 14:06:25 - b'INFO  main_iterate.cpp              :  138 - Processed: 209715200, aligned: 6097312. Iterative edges: 6728607'
2026-10-02 14:06:26 - b'INFO  main_iterate.cpp              :  138 - Processed: 213909504, aligned: 6151474. Iterative edges: 6846975'
2026-10-02 14:06:27 - b'INFO  main_iterate.cpp              :  138 - Processed: 218103808, aligned: 6206600. Iterative edges: 6942337'
2026-10-02 14:06:29 - b'INFO  main_iterate.cpp              :  138 - Processed: 222298112, aligned: 6274058. Iterative edges: 7070041'
2026-10-02 14:06:30 - b'INFO  main_iterate.cpp              :  138 - Processed: 226492416, aligned: 6353414. Iterative edges: 7178353'
2026-10-02 14:06:31 - b'INFO  main_iterate.cpp              :  138 - Processed: 230686720, aligned: 6433222. Iterative edges: 7244081'
2026-10-02 14:06:33 - b'INFO  main_iterate.cpp              :  138 - Processed: 234881024, aligned: 6513069. Iterative edges: 7285272'
2026-10-02 14:06:34 - b'INFO  main_iterate.cpp              :  138 - Processed: 239075328, aligned: 6593140. Iterative edges: 7314673'
2026-10-02 14:06:34 - b'INFO  main_iterate.cpp              :  138 - Processed: 239650074, aligned: 6604167. Iterative edges: 7318061'
2026-10-02 14:06:35 - b'INFO  main_iterate.cpp              :  142 - Total: 239650074, aligned: 6604167. Iterative edges: 7318061'
2026-10-02 14:06:37 - b'INFO  utils/utils.h                 :  152 - Real: 80.4956\tuser: 1728.3098\tsys: 4.5887\tmaxrss: 808192'
2026-10-02 14:06:37 - Build graph for k = 79 
2026-10-02 14:06:37 - b'INFO  sorting/base_engine.cpp       :  148 - Preparing data...'
2026-10-02 14:06:37 - b'INFO  sorting/seq_to_sdbg.cpp       :  369 - Number edges: 7318061'
2026-10-02 14:06:37 - b'INFO  sorting/seq_to_sdbg.cpp       :  413 - Bases to reserve: 1155869986, number contigs: 5952388, number multiplicity: 13270449'
2026-10-02 14:06:37 - b'INFO  sorting/seq_to_sdbg.cpp       :  421 - Before reading, sizeof seq_package: 336586612, multiplicity vector: 13270449'
2026-10-02 14:06:38 - b'INFO  sorting/seq_to_sdbg.cpp       :  428 - Read 7318061 edges.'
2026-10-02 14:06:38 - b'INFO  sorting/seq_to_sdbg.cpp       :  429 - After reading, sizeof seq_package: 336586612/7318061/585444880, multiplicity vector: 7318061/13270449'
2026-10-02 14:06:43 - b'INFO  sorting/seq_to_sdbg.cpp       :  458 - Read 4660753 contigs from /labgenomaarea2/valentina.pavelecini/EHI/Megahit/coassembly/intermediate_contigs/k59.contigs.fa.'
2026-10-02 14:06:43 - b'INFO  sorting/seq_to_sdbg.cpp       :  459 - After reading contigs, sizeof seq_package: 625554112/11978814/2117933121, multiplicity vector: 11978814/13270449'
2026-10-02 14:06:44 - b'INFO  sorting/seq_to_sdbg.cpp       :  470 - Read 128497 contigs from /labgenomaarea2/valentina.pavelecini/EHI/Megahit/coassembly/intermediate_contigs/k59.bubble_seq.fa.'
2026-10-02 14:06:44 - b'INFO  sorting/seq_to_sdbg.cpp       :  471 - After reading contigs, sizeof seq_package: 625554112/12107311/2164423056, multiplicity vector: 12107311/13270449'
2026-10-02 14:06:44 - b'INFO  sorting/seq_to_sdbg.cpp       :  484 - Read 21752 contigs from /labgenomaarea2/valentina.pavelecini/EHI/Megahit/coassembly/intermediate_contigs/k59.addi.fa.'
2026-10-02 14:06:44 - b'INFO  sorting/seq_to_sdbg.cpp       :  485 - After reading contigs, sizeof seq_package: 625554112/12129063/2186059460, multiplicity vector: 12129063/13270449'
2026-10-02 14:06:45 - b'INFO  sorting/seq_to_sdbg.cpp       :  498 - Read 1077982 contigs from /labgenomaarea2/valentina.pavelecini/EHI/Megahit/coassembly/intermediate_contigs/k59.local.fa.'
2026-10-02 14:06:45 - b'INFO  sorting/seq_to_sdbg.cpp       :  499 - After reading contigs, sizeof seq_package: 1203489112/13207045/2620001198, multiplicity vector: 13207045/13270449'
2026-10-02 14:06:45 - b'INFO  sorting/seq_to_sdbg.cpp       :  506 - Finally, sizeof seq_package: 1203489112/13207045/2620001198, multiplicity vector: 13207045/13270449'
2026-10-02 14:06:45 - b'INFO  sorting/base_engine.cpp       :  153 - Preparing data... Done. Time elapsed: 8.6949'
2026-10-02 14:06:45 - b'INFO  sorting/base_engine.cpp       :  156 - Preparing partitions and calculating bucket sizes...'
2026-10-02 14:06:47 - b'INFO  sorting/base_engine.cpp       :   80 - Minimum memory required: 1363287134 bytes'
2026-10-02 14:06:48 - b'INFO  sorting/base_engine.cpp       :  138 - Lv1 items: 427482328, Lv2 items: 3522336'
2026-10-02 14:06:48 - b'INFO  sorting/base_engine.cpp       :  139 - Memory of derived class: 1250498794, Memory for Lv1+Lv2: 1794465376'
2026-10-02 14:06:48 - b'INFO  sorting/base_engine.cpp       :  165 - Preparing partitions and calculating bucket sizes... Done. Time elapsed: 2.3181'
2026-10-02 14:06:48 - b'INFO  sorting/base_engine.cpp       :  172 - Start main loop...'
2026-10-02 14:06:48 - b'INFO  sorting/base_engine.cpp       :  185 - Lv1 scanning from bucket 0 to 2794'
2026-10-02 14:06:50 - b'INFO  sorting/base_engine.cpp       :  192 - Lv1 scanning done. Large diff: 0. Time elapsed: 2.2654'
2026-10-02 14:06:56 - b'INFO  sorting/base_engine.cpp       :  198 - Lv1 fetching & sorting done. Time elapsed: 5.8598'
2026-10-02 14:06:56 - b'INFO  sorting/base_engine.cpp       :  185 - Lv1 scanning from bucket 2794 to 7821'
2026-10-02 14:06:59 - b'INFO  sorting/base_engine.cpp       :  192 - Lv1 scanning done. Large diff: 0. Time elapsed: 2.7165'
2026-10-02 14:07:09 - b'INFO  sorting/base_engine.cpp       :  198 - Lv1 fetching & sorting done. Time elapsed: 9.9698'
2026-10-02 14:07:09 - b'INFO  sorting/base_engine.cpp       :  185 - Lv1 scanning from bucket 7821 to 14215'
2026-10-02 14:07:11 - b'INFO  sorting/base_engine.cpp       :  192 - Lv1 scanning done. Large diff: 0. Time elapsed: 2.8126'
2026-10-02 14:07:19 - b'INFO  sorting/base_engine.cpp       :  198 - Lv1 fetching & sorting done. Time elapsed: 7.4405'
2026-10-02 14:07:19 - b'INFO  sorting/base_engine.cpp       :  185 - Lv1 scanning from bucket 14215 to 21882'
2026-10-02 14:07:22 - b'INFO  sorting/base_engine.cpp       :  192 - Lv1 scanning done. Large diff: 0. Time elapsed: 2.8780'
2026-10-02 14:07:29 - b'INFO  sorting/base_engine.cpp       :  198 - Lv1 fetching & sorting done. Time elapsed: 7.5810'
2026-10-02 14:07:29 - b'INFO  sorting/base_engine.cpp       :  185 - Lv1 scanning from bucket 21882 to 31006'
2026-10-02 14:07:32 - b'INFO  sorting/base_engine.cpp       :  192 - Lv1 scanning done. Large diff: 0. Time elapsed: 3.0708'
2026-10-02 14:07:53 - b'INFO  sorting/base_engine.cpp       :  198 - Lv1 fetching & sorting done. Time elapsed: 21.0524'
2026-10-02 14:07:53 - b'INFO  sorting/base_engine.cpp       :  185 - Lv1 scanning from bucket 31006 to 42082'
2026-10-02 14:07:57 - b'INFO  sorting/base_engine.cpp       :  192 - Lv1 scanning done. Large diff: 0. Time elapsed: 3.1201'
2026-10-02 14:08:05 - b'INFO  sorting/base_engine.cpp       :  198 - Lv1 fetching & sorting done. Time elapsed: 8.3850'
2026-10-02 14:08:05 - b'INFO  sorting/base_engine.cpp       :  185 - Lv1 scanning from bucket 42082 to 56630'
2026-10-02 14:08:08 - b'INFO  sorting/base_engine.cpp       :  192 - Lv1 scanning done. Large diff: 0. Time elapsed: 3.1970'
2026-10-02 14:08:19 - b'INFO  sorting/base_engine.cpp       :  198 - Lv1 fetching & sorting done. Time elapsed: 10.4665'
2026-10-02 14:08:19 - b'INFO  sorting/base_engine.cpp       :  185 - Lv1 scanning from bucket 56630 to 65536'
2026-10-02 14:08:20 - b'INFO  sorting/base_engine.cpp       :  192 - Lv1 scanning done. Large diff: 0. Time elapsed: 1.9244'
2026-10-02 14:08:26 - b'INFO  sorting/base_engine.cpp       :  198 - Lv1 fetching & sorting done. Time elapsed: 5.1842'
2026-10-02 14:08:26 - b'INFO  sorting/base_engine.cpp       :  204 - Main loop done. Time elapsed: 97.9264'
2026-10-02 14:08:26 - b'INFO  sorting/base_engine.cpp       :  207 - Postprocessing...'
2026-10-02 14:08:31 - b'INFO  sorting/seq_to_sdbg.cpp       :  793 - Number of $ A C G T A- C- G- T-:'
2026-10-02 14:08:31 - b'INFO  sorting/seq_to_sdbg.cpp       :  794 - 9002200 634726385 587373296 589362452 633721719 209577 160945 196236 195670'
2026-10-02 14:08:31 - b'INFO  sorting/seq_to_sdbg.cpp       :  800 - Total number of edges: 2454948480'
2026-10-02 14:08:31 - b'INFO  sorting/seq_to_sdbg.cpp       :  801 - Total number of ONEs: 2445183852'
2026-10-02 14:08:31 - b'INFO  sorting/seq_to_sdbg.cpp       :  802 - Total number of $v edges: 9002200'
2026-10-02 14:08:31 - b'INFO  sorting/base_engine.cpp       :  210 - Postprocess done. Time elapsed: 5.4399'
2026-10-02 14:08:31 - b'INFO  utils/utils.h                 :  152 - Real: 114.4810\tuser: 1491.4723\tsys: 18.5278\tmaxrss: 2553600'
2026-10-02 14:08:31 - Assemble contigs from SdBG for k = 79
2026-10-02 14:09:04 - b'INFO  main_assemble.cpp             :  129 - Loading succinct de Bruijn graph: /labgenomaarea2/valentina.pavelecini/EHI/Megahit/coassembly/tmp/k79/79Done. Time elapsed: 32.221677'
2026-10-02 14:09:04 - b'INFO  main_assemble.cpp             :  133 - Number of Edges: 2454948480; K value: 79'
2026-10-02 14:09:04 - b'INFO  main_assemble.cpp             :  140 - Number of CPU threads: 24'
2026-10-02 14:09:29 - b'INFO  assembly/sdbg_pruning.cpp     :  160 - Removing tips with length less than 2; Accumulated tips removed: 13171; time elapsed: 1.8944'
2026-10-02 14:09:32 - b'INFO  assembly/sdbg_pruning.cpp     :  160 - Removing tips with length less than 4; Accumulated tips removed: 38143; time elapsed: 2.8109'
2026-10-02 14:09:38 - b'INFO  assembly/sdbg_pruning.cpp     :  160 - Removing tips with length less than 8; Accumulated tips removed: 81905; time elapsed: 5.9027'
2026-10-02 14:09:50 - b'INFO  assembly/sdbg_pruning.cpp     :  160 - Removing tips with length less than 16; Accumulated tips removed: 162773; time elapsed: 12.4485'
2026-10-02 14:10:15 - b'INFO  assembly/sdbg_pruning.cpp     :  160 - Removing tips with length less than 32; Accumulated tips removed: 288057; time elapsed: 25.1381'
2026-10-02 14:11:05 - b'INFO  assembly/sdbg_pruning.cpp     :  160 - Removing tips with length less than 64; Accumulated tips removed: 500759; time elapsed: 50.0327'
2026-10-02 14:12:30 - b'INFO  assembly/sdbg_pruning.cpp     :  160 - Removing tips with length less than 128; Accumulated tips removed: 3148364; time elapsed: 84.2408'
2026-10-02 14:13:43 - b'INFO  assembly/sdbg_pruning.cpp     :  169 - Removing tips with length less than 158; Accumulated tips removed: 4974350; time elapsed: 73.3604'
2026-10-02 14:13:43 - b'INFO  main_assemble.cpp             :  158 - Tips removal done! Time elapsed(sec): 279.568'
2026-10-02 14:15:47 - b'INFO  assembly/unitig_graph.cpp     :   83 - Graph size without loops: 2827646, palindrome: 44'
2026-10-02 14:16:25 - b'INFO  main_assemble.cpp             :  166 - unitig graph size: 2876963, time for building: 162.243'
2026-10-02 14:16:29 - b'INFO  assembly/contig_stat.h        :   40 - Max: 360831, Min: 80, N50: 429, number contigs: 2876963, number isolated: 2165085, number looped: 49317, total size: 1164408294,'
2026-10-02 14:16:29 - b'INFO  main_assemble.cpp             :  184 - Graph cleaning round 1'
2026-10-02 14:16:30 - b'INFO  main_assemble.cpp             :  200 - Number of bubbles removed: 29326, Time elapsed(sec): 0.823'
2026-10-02 14:16:32 - b'INFO  main_assemble.cpp             :  210 - Number of complex bubbles removed: 26076, Time elapsed(sec): 1.758313'
2026-10-02 14:16:32 - b'INFO  main_assemble.cpp             :  221 - Number unitigs disconnected: 120519, time: 0.471'
2026-10-02 14:16:32 - b'INFO  main_assemble.cpp             :  245 - Unitigs removed in excessive pruning: 16972, time: 0.291'
2026-10-02 14:16:32 - b'INFO  main_assemble.cpp             :  184 - Graph cleaning round 2'
2026-10-02 14:16:34 - b'INFO  main_assemble.cpp             :  192 - Tips removed: 63169, time: 1.605'
2026-10-02 14:16:35 - b'INFO  main_assemble.cpp             :  200 - Number of bubbles removed: 277, Time elapsed(sec): 0.428'
2026-10-02 14:16:35 - b'INFO  main_assemble.cpp             :  210 - Number of complex bubbles removed: 1659, Time elapsed(sec): 0.795244'
2026-10-02 14:16:36 - b'INFO  main_assemble.cpp             :  221 - Number unitigs disconnected: 4253, time: 0.324'
2026-10-02 14:16:36 - b'INFO  main_assemble.cpp             :  245 - Unitigs removed in excessive pruning: 1777, time: 0.225'
2026-10-02 14:16:36 - b'INFO  main_assemble.cpp             :  184 - Graph cleaning round 3'
2026-10-02 14:16:37 - b'INFO  main_assemble.cpp             :  192 - Tips removed: 1333, time: 1.450'
2026-10-02 14:16:38 - b'INFO  main_assemble.cpp             :  200 - Number of bubbles removed: 31, Time elapsed(sec): 0.342'
2026-10-02 14:16:38 - b'INFO  main_assemble.cpp             :  210 - Number of complex bubbles removed: 44, Time elapsed(sec): 0.511925'
2026-10-02 14:16:38 - b'INFO  main_assemble.cpp             :  221 - Number unitigs disconnected: 802, time: 0.320'
2026-10-02 14:16:39 - b'INFO  main_assemble.cpp             :  245 - Unitigs removed in excessive pruning: 446, time: 0.219'
2026-10-02 14:16:39 - b'INFO  main_assemble.cpp             :  184 - Graph cleaning round 4'
2026-10-02 14:16:40 - b'INFO  main_assemble.cpp             :  192 - Tips removed: 241, time: 1.425'
2026-10-02 14:16:40 - b'INFO  main_assemble.cpp             :  200 - Number of bubbles removed: 12, Time elapsed(sec): 0.341'
2026-10-02 14:16:41 - b'INFO  main_assemble.cpp             :  210 - Number of complex bubbles removed: 11, Time elapsed(sec): 0.502723'
2026-10-02 14:16:41 - b'INFO  main_assemble.cpp             :  221 - Number unitigs disconnected: 194, time: 0.328'
2026-10-02 14:16:42 - b'INFO  main_assemble.cpp             :  245 - Unitigs removed in excessive pruning: 163, time: 0.217'
2026-10-02 14:16:42 - b'INFO  main_assemble.cpp             :  184 - Graph cleaning round 5'
2026-10-02 14:16:43 - b'INFO  main_assemble.cpp             :  192 - Tips removed: 79, time: 1.425'
2026-10-02 14:16:43 - b'INFO  main_assemble.cpp             :  200 - Number of bubbles removed: 2, Time elapsed(sec): 0.338'
2026-10-02 14:16:44 - b'INFO  main_assemble.cpp             :  210 - Number of complex bubbles removed: 0, Time elapsed(sec): 0.479514'
2026-10-02 14:16:44 - b'INFO  main_assemble.cpp             :  221 - Number unitigs disconnected: 67, time: 0.319'
2026-10-02 14:16:44 - b'INFO  main_assemble.cpp             :  245 - Unitigs removed in excessive pruning: 46, time: 0.216'
2026-10-02 14:16:48 - b'INFO  assembly/contig_stat.h        :   40 - Max: 542501, Min: 80, N50: 473, number contigs: 2476822, number isolated: 2161195, number looped: 10012, total size: 1120674622,'
2026-10-02 14:17:26 - b'INFO  main_assemble.cpp             :  267 - Time to output: 38.484242'
2026-10-02 14:17:36 - b'INFO  main_assemble.cpp             :  286 - Number of local low depth unitigs removed: 15254, complex bubbles removed: 558, time: 10.073607'
2026-10-02 14:17:39 - b'INFO  assembly/contig_stat.h        :   40 - Max: 542501, Min: 80, N50: 478, number contigs: 2440549, number isolated: 2167125, number looped: 10032, total size: 1116660630,'
2026-10-02 14:18:17 - b'INFO  utils/utils.h                 :  152 - Real: 585.7657\tuser: 11630.3325\tsys: 23.2040\tmaxrss: 5619188'
2026-10-02 14:18:18 - Local assembly for k = 79
2026-10-02 14:20:25 - b'INFO  localasm/hash_mapper.cpp      :   99 - Number of contigs: 2321446, index size: 128876901'
2026-10-02 14:20:25 - b'INFO  localasm/local_assemble.cpp   :  315 - Hash mapper construction time elapsed: 126.662106'
2026-10-02 14:20:25 - b'INFO  sequence/io/sequence_lib.cpp  :  115 - Before reading, sizeof seq_package: 10440665032'
2026-10-02 14:20:41 - b'INFO  sequence/io/sequence_lib.cpp  :  117 - After reading, sizeof seq_package: 10440665032'
2026-10-02 14:20:41 - b'INFO  localasm/local_assemble.cpp   :  324 - Read lib time elapsed: 15.662460'
2026-10-02 14:20:41 - b'INFO  localasm/local_assemble.cpp   :  133 - Lib 0, insert size: 227.00 sd: 94.21'
2026-10-02 14:20:42 - b'INFO  localasm/local_assemble.cpp   :  133 - Lib 1, insert size: 226.00 sd: 101.12'
2026-10-02 14:20:43 - b'INFO  localasm/local_assemble.cpp   :  133 - Lib 2, insert size: 216.00 sd: 101.49'
2026-10-02 14:20:43 - b'INFO  localasm/local_assemble.cpp   :  133 - Lib 3, insert size: 229.00 sd: 99.84'
2026-10-02 14:20:44 - b'INFO  localasm/local_assemble.cpp   :  133 - Lib 4, insert size: 216.00 sd: 88.24'
2026-10-02 14:20:45 - b'INFO  localasm/local_assemble.cpp   :  133 - Lib 5, insert size: 239.00 sd: 96.06'
2026-10-02 14:20:45 - b'INFO  localasm/local_assemble.cpp   :  330 - Insert size estimation time elapsed: 4.548615'
2026-10-02 14:21:21 - b'INFO  localasm/local_assemble.cpp   :  218 - Lib 0: total 53289964 reads, aligned 33115251, added 3700290 reads to local assembly'
2026-10-02 14:22:13 - b'INFO  localasm/local_assemble.cpp   :  218 - Lib 1: total 83669984 reads, aligned 54571291, added 6201390 reads to local assembly'
2026-10-02 14:22:25 - b'INFO  localasm/local_assemble.cpp   :  218 - Lib 2: total 19794118 reads, aligned 13297219, added 1291057 reads to local assembly'
2026-10-02 14:22:56 - b'INFO  localasm/local_assemble.cpp   :  218 - Lib 3: total 50413130 reads, aligned 30698077, added 3809607 reads to local assembly'
2026-10-02 14:23:03 - b'INFO  localasm/local_assemble.cpp   :  218 - Lib 4: total 12885188 reads, aligned 4706495, added 713302 reads to local assembly'
2026-10-02 14:23:16 - b'INFO  localasm/local_assemble.cpp   :  218 - Lib 5: total 19597690 reads, aligned 9987528, added 1350560 reads to local assembly'
2026-10-02 14:23:16 - b'INFO  localasm/local_assemble.cpp   :  338 - Mapping time elapsed: 150.463683'
2026-10-02 14:23:16 - b'INFO  localasm/local_assemble.cpp   :  232 - Minimum number of reads to do local assembly: 3'
2026-10-02 14:29:54 - b'INFO  localasm/local_assemble.cpp   :  346 - Local assembly time elapsed: 397.982966'
2026-10-02 14:29:56 - b'INFO  utils/utils.h                 :  152 - Real: 697.4265\tuser: 15903.7566\tsys: 48.8664\tmaxrss: 18246716'
2026-10-02 14:29:56 - Extract iterative edges from k = 79 to 99 
2026-10-02 14:29:56 - b'INFO  main_iterate.cpp              :  190 - Selected kmer type size for k: 20'
2026-10-02 14:29:57 - b'INFO  main_iterate.cpp              :  174 - Read 315627 contigs'
2026-10-02 14:29:58 - b'INFO  main_iterate.cpp              :  176 - Number of flank kmers: 627976'
2026-10-02 14:29:58 - b'INFO  main_iterate.cpp              :  174 - Read 56002 contigs'
2026-10-02 14:29:58 - b'INFO  main_iterate.cpp              :  176 - Number of flank kmers: 724049'
2026-10-02 14:29:58 - b'INFO  main_iterate.cpp              :  123 - Selected kmer type size for next k: 28'
2026-10-02 14:30:00 - b'INFO  main_iterate.cpp              :  138 - Processed: 4194304, aligned: 69132. Iterative edges: 457459'
2026-10-02 14:30:01 - b'INFO  main_iterate.cpp              :  138 - Processed: 8388608, aligned: 137658. Iterative edges: 758817'
2026-10-02 14:30:02 - b'INFO  main_iterate.cpp              :  138 - Processed: 12582912, aligned: 205927. Iterative edges: 986938'
2026-10-02 14:30:03 - b'INFO  main_iterate.cpp              :  138 - Processed: 16777216, aligned: 275372. Iterative edges: 1173297'
2026-10-02 14:30:04 - b'INFO  main_iterate.cpp              :  138 - Processed: 20971520, aligned: 344953. Iterative edges: 1326517'
2026-10-02 14:30:05 - b'INFO  main_iterate.cpp              :  138 - Processed: 25165824, aligned: 414273. Iterative edges: 1461383'
2026-10-02 14:30:06 - b'INFO  main_iterate.cpp              :  138 - Processed: 29360128, aligned: 482768. Iterative edges: 1571161'
2026-10-02 14:30:07 - b'INFO  main_iterate.cpp              :  138 - Processed: 33554432, aligned: 552120. Iterative edges: 1669184'
2026-10-02 14:30:08 - b'INFO  main_iterate.cpp              :  138 - Processed: 37748736, aligned: 621064. Iterative edges: 1757636'
2026-10-02 14:30:10 - b'INFO  main_iterate.cpp              :  138 - Processed: 41943040, aligned: 690062. Iterative edges: 1836826'
2026-10-02 14:30:11 - b'INFO  main_iterate.cpp              :  138 - Processed: 46137344, aligned: 759265. Iterative edges: 1907801'
2026-10-02 14:30:12 - b'INFO  main_iterate.cpp              :  138 - Processed: 50331648, aligned: 828976. Iterative edges: 1974892'
2026-10-02 14:30:13 - b'INFO  main_iterate.cpp              :  138 - Processed: 54525952, aligned: 898381. Iterative edges: 2057357'
2026-10-02 14:30:14 - b'INFO  main_iterate.cpp              :  138 - Processed: 58720256, aligned: 968665. Iterative edges: 2174612'
2026-10-02 14:30:15 - b'INFO  main_iterate.cpp              :  138 - Processed: 62914560, aligned: 1038074. Iterative edges: 2272081'
2026-10-02 14:30:16 - b'INFO  main_iterate.cpp              :  138 - Processed: 67108864, aligned: 1107733. Iterative edges: 2355777'
2026-10-02 14:30:17 - b'INFO  main_iterate.cpp              :  138 - Processed: 71303168, aligned: 1177309. Iterative edges: 2427682'
2026-10-02 14:30:18 - b'INFO  main_iterate.cpp              :  138 - Processed: 75497472, aligned: 1247615. Iterative edges: 2488389'
2026-10-02 14:30:19 - b'INFO  main_iterate.cpp              :  138 - Processed: 79691776, aligned: 1318424. Iterative edges: 2543078'
2026-10-02 14:30:20 - b'INFO  main_iterate.cpp              :  138 - Processed: 83886080, aligned: 1388357. Iterative edges: 2588607'
2026-10-02 14:30:21 - b'INFO  main_iterate.cpp              :  138 - Processed: 88080384, aligned: 1458967. Iterative edges: 2630412'
2026-10-02 14:30:22 - b'INFO  main_iterate.cpp              :  138 - Processed: 92274688, aligned: 1530041. Iterative edges: 2668396'
2026-10-02 14:30:23 - b'INFO  main_iterate.cpp              :  138 - Processed: 96468992, aligned: 1600155. Iterative edges: 2699578'
2026-10-02 14:30:25 - b'INFO  main_iterate.cpp              :  138 - Processed: 100663296, aligned: 1669167. Iterative edges: 2726409'
2026-10-02 14:30:26 - b'INFO  main_iterate.cpp              :  138 - Processed: 104857600, aligned: 1739049. Iterative edges: 2751720'
2026-10-02 14:30:27 - b'INFO  main_iterate.cpp              :  138 - Processed: 109051904, aligned: 1809496. Iterative edges: 2774993'
2026-10-02 14:30:28 - b'INFO  main_iterate.cpp              :  138 - Processed: 113246208, aligned: 1879165. Iterative edges: 2795360'
2026-10-02 14:30:29 - b'INFO  main_iterate.cpp              :  138 - Processed: 117440512, aligned: 1950561. Iterative edges: 2815418'
2026-10-02 14:30:30 - b'INFO  main_iterate.cpp              :  138 - Processed: 121634816, aligned: 2021395. Iterative edges: 2834169'
2026-10-02 14:30:31 - b'INFO  main_iterate.cpp              :  138 - Processed: 125829120, aligned: 2092043. Iterative edges: 2851250'
2026-10-02 14:30:32 - b'INFO  main_iterate.cpp              :  138 - Processed: 130023424, aligned: 2162119. Iterative edges: 2867170'
2026-10-02 14:30:33 - b'INFO  main_iterate.cpp              :  138 - Processed: 134217728, aligned: 2233118. Iterative edges: 2882346'
2026-10-02 14:30:34 - b'INFO  main_iterate.cpp              :  138 - Processed: 138412032, aligned: 2301083. Iterative edges: 2901786'
2026-10-02 14:30:35 - b'INFO  main_iterate.cpp              :  138 - Processed: 142606336, aligned: 2365730. Iterative edges: 2926483'
2026-10-02 14:30:36 - b'INFO  main_iterate.cpp              :  138 - Processed: 146800640, aligned: 2431376. Iterative edges: 2947521'
2026-10-02 14:30:37 - b'INFO  main_iterate.cpp              :  138 - Processed: 150994944, aligned: 2497003. Iterative edges: 2968589'
2026-10-02 14:30:38 - b'INFO  main_iterate.cpp              :  138 - Processed: 155189248, aligned: 2561867. Iterative edges: 2988239'
2026-10-02 14:30:39 - b'INFO  main_iterate.cpp              :  138 - Processed: 159383552, aligned: 2623664. Iterative edges: 3053292'
2026-10-02 14:30:40 - b'INFO  main_iterate.cpp              :  138 - Processed: 163577856, aligned: 2683504. Iterative edges: 3138386'
2026-10-02 14:30:41 - b'INFO  main_iterate.cpp              :  138 - Processed: 167772160, aligned: 2743628. Iterative edges: 3216046'
2026-10-02 14:30:42 - b'INFO  main_iterate.cpp              :  138 - Processed: 171966464, aligned: 2803939. Iterative edges: 3284599'
2026-10-02 14:30:43 - b'INFO  main_iterate.cpp              :  138 - Processed: 176160768, aligned: 2864518. Iterative edges: 3349148'
2026-10-02 14:30:45 - b'INFO  main_iterate.cpp              :  138 - Processed: 180355072, aligned: 2924836. Iterative edges: 3405194'
2026-10-02 14:30:46 - b'INFO  main_iterate.cpp              :  138 - Processed: 184549376, aligned: 2985394. Iterative edges: 3457801'
2026-10-02 14:30:47 - b'INFO  main_iterate.cpp              :  138 - Processed: 188743680, aligned: 3044841. Iterative edges: 3505413'
2026-10-02 14:30:48 - b'INFO  main_iterate.cpp              :  138 - Processed: 192937984, aligned: 3105235. Iterative edges: 3550086'
2026-10-02 14:30:49 - b'INFO  main_iterate.cpp              :  138 - Processed: 197132288, aligned: 3166663. Iterative edges: 3590925'
2026-10-02 14:30:50 - b'INFO  main_iterate.cpp              :  138 - Processed: 201326592, aligned: 3227229. Iterative edges: 3627770'
2026-10-02 14:30:51 - b'INFO  main_iterate.cpp              :  138 - Processed: 205520896, aligned: 3288385. Iterative edges: 3662507'
2026-10-02 14:30:52 - b'INFO  main_iterate.cpp              :  138 - Processed: 209715200, aligned: 3332441. Iterative edges: 3724548'
2026-10-02 14:30:53 - b'INFO  main_iterate.cpp              :  138 - Processed: 213909504, aligned: 3365812. Iterative edges: 3787350'
2026-10-02 14:30:54 - b'INFO  main_iterate.cpp              :  138 - Processed: 218103808, aligned: 3399122. Iterative edges: 3836934'
2026-10-02 14:30:55 - b'INFO  main_iterate.cpp              :  138 - Processed: 222298112, aligned: 3436895. Iterative edges: 3900445'
2026-10-02 14:30:56 - b'INFO  main_iterate.cpp              :  138 - Processed: 226492416, aligned: 3478109. Iterative edges: 3953943'
2026-10-02 14:30:57 - b'INFO  main_iterate.cpp              :  138 - Processed: 230686720, aligned: 3520128. Iterative edges: 3987314'
2026-10-02 14:30:59 - b'INFO  main_iterate.cpp              :  138 - Processed: 234881024, aligned: 3561982. Iterative edges: 4009455'
2026-10-02 14:31:00 - b'INFO  main_iterate.cpp              :  138 - Processed: 239075328, aligned: 3604717. Iterative edges: 4025044'
2026-10-02 14:31:00 - b'INFO  main_iterate.cpp              :  138 - Processed: 239650074, aligned: 3610541. Iterative edges: 4026728'
2026-10-02 14:31:00 - b'INFO  main_iterate.cpp              :  142 - Total: 239650074, aligned: 3610541. Iterative edges: 4026728'
2026-10-02 14:31:02 - b'INFO  utils/utils.h                 :  152 - Real: 65.5649\tuser: 1437.7295\tsys: 4.3959\tmaxrss: 729856'
2026-10-02 14:31:02 - Build graph for k = 99 
2026-10-02 14:31:02 - b'INFO  sorting/base_engine.cpp       :  148 - Preparing data...'
2026-10-02 14:31:02 - b'INFO  sorting/seq_to_sdbg.cpp       :  369 - Number edges: 4026728'
2026-10-02 14:31:02 - b'INFO  sorting/seq_to_sdbg.cpp       :  413 - Bases to reserve: 816378265, number contigs: 3341604, number multiplicity: 7368332'
2026-10-02 14:31:02 - b'INFO  sorting/seq_to_sdbg.cpp       :  421 - Before reading, sizeof seq_package: 230827408, multiplicity vector: 7368332'
2026-10-02 14:31:02 - b'INFO  sorting/seq_to_sdbg.cpp       :  428 - Read 4026728 edges.'
2026-10-02 14:31:02 - b'INFO  sorting/seq_to_sdbg.cpp       :  429 - After reading, sizeof seq_package: 230827408/4026728/402672800, multiplicity vector: 4026728/7368332'
2026-10-02 14:31:05 - b'INFO  sorting/seq_to_sdbg.cpp       :  458 - Read 2440098 contigs from /labgenomaarea2/valentina.pavelecini/EHI/Megahit/coassembly/intermediate_contigs/k79.contigs.fa.'
2026-10-02 14:31:05 - b'INFO  sorting/seq_to_sdbg.cpp       :  459 - After reading contigs, sizeof seq_package: 434921976/6466826/1520282051, multiplicity vector: 6466826/7368332'
2026-10-02 14:31:05 - b'INFO  sorting/seq_to_sdbg.cpp       :  470 - Read 51936 contigs from /labgenomaarea2/valentina.pavelecini/EHI/Megahit/coassembly/intermediate_contigs/k79.bubble_seq.fa.'
2026-10-02 14:31:05 - b'INFO  sorting/seq_to_sdbg.cpp       :  471 - After reading contigs, sizeof seq_package: 434921976/6518762/1544691906, multiplicity vector: 6518762/7368332'
2026-10-02 14:31:05 - b'INFO  sorting/seq_to_sdbg.cpp       :  484 - Read 13616 contigs from /labgenomaarea2/valentina.pavelecini/EHI/Megahit/coassembly/intermediate_contigs/k79.addi.fa.'
2026-10-02 14:31:05 - b'INFO  sorting/seq_to_sdbg.cpp       :  485 - After reading contigs, sizeof seq_package: 434921976/6532378/1559820567, multiplicity vector: 6532378/7368332'
2026-10-02 14:31:07 - b'INFO  sorting/seq_to_sdbg.cpp       :  498 - Read 794961 contigs from /labgenomaarea2/valentina.pavelecini/EHI/Megahit/coassembly/intermediate_contigs/k79.local.fa.'
2026-10-02 14:31:07 - b'INFO  sorting/seq_to_sdbg.cpp       :  499 - After reading contigs, sizeof seq_package: 843111112/7327339/1902220028, multiplicity vector: 7327339/7368332'
2026-10-02 14:31:07 - b'INFO  sorting/seq_to_sdbg.cpp       :  506 - Finally, sizeof seq_package: 843111112/7327339/1902220028, multiplicity vector: 7327339/7368332'
2026-10-02 14:31:07 - b'INFO  sorting/base_engine.cpp       :  153 - Preparing data... Done. Time elapsed: 5.2444'
2026-10-02 14:31:07 - b'INFO  sorting/base_engine.cpp       :  156 - Preparing partitions and calculating bucket sizes...'
2026-10-02 14:31:08 - b'INFO  sorting/base_engine.cpp       :   80 - Minimum memory required: 958622964 bytes'
2026-10-02 14:31:09 - b'INFO  sorting/base_engine.cpp       :  138 - Lv1 items: 317724838, Lv2 items: 2617968'
2026-10-02 14:31:09 - b'INFO  sorting/base_engine.cpp       :  139 - Memory of derived class: 872708896, Memory for Lv1+Lv2: 1344202456'
2026-10-02 14:31:09 - b'INFO  sorting/base_engine.cpp       :  165 - Preparing partitions and calculating bucket sizes... Done. Time elapsed: 1.8434'
2026-10-02 14:31:09 - b'INFO  sorting/base_engine.cpp       :  172 - Start main loop...'
2026-10-02 14:31:09 - b'INFO  sorting/base_engine.cpp       :  185 - Lv1 scanning from bucket 0 to 2614'
2026-10-02 14:31:10 - b'INFO  sorting/base_engine.cpp       :  192 - Lv1 scanning done. Large diff: 0. Time elapsed: 1.3845'
2026-10-02 14:31:14 - b'INFO  sorting/base_engine.cpp       :  198 - Lv1 fetching & sorting done. Time elapsed: 4.2865'
2026-10-02 14:31:14 - b'INFO  sorting/base_engine.cpp       :  185 - Lv1 scanning from bucket 2614 to 7560'
2026-10-02 14:31:16 - b'INFO  sorting/base_engine.cpp       :  192 - Lv1 scanning done. Large diff: 0. Time elapsed: 1.6921'
2026-10-02 14:31:21 - b'INFO  sorting/base_engine.cpp       :  198 - Lv1 fetching & sorting done. Time elapsed: 5.2461'
2026-10-02 14:31:21 - b'INFO  sorting/base_engine.cpp       :  185 - Lv1 scanning from bucket 7560 to 13943'
2026-10-02 14:31:23 - b'INFO  sorting/base_engine.cpp       :  192 - Lv1 scanning done. Large diff: 0. Time elapsed: 1.7603'
2026-10-02 14:31:28 - b'INFO  sorting/base_engine.cpp       :  198 - Lv1 fetching & sorting done. Time elapsed: 5.4044'
2026-10-02 14:31:28 - b'INFO  sorting/base_engine.cpp       :  185 - Lv1 scanning from bucket 13943 to 21642'
2026-10-02 14:31:30 - b'INFO  sorting/base_engine.cpp       :  192 - Lv1 scanning done. Large diff: 0. Time elapsed: 1.8241'
2026-10-02 14:31:36 - b'INFO  sorting/base_engine.cpp       :  198 - Lv1 fetching & sorting done. Time elapsed: 5.6683'
2026-10-02 14:31:36 - b'INFO  sorting/base_engine.cpp       :  185 - Lv1 scanning from bucket 21642 to 30840'
2026-10-02 14:31:38 - b'INFO  sorting/base_engine.cpp       :  192 - Lv1 scanning done. Large diff: 0. Time elapsed: 1.9035'
2026-10-02 14:32:02 - b'INFO  sorting/base_engine.cpp       :  198 - Lv1 fetching & sorting done. Time elapsed: 23.9579'
2026-10-02 14:32:02 - b'INFO  sorting/base_engine.cpp       :  185 - Lv1 scanning from bucket 30840 to 42037'
2026-10-02 14:32:04 - b'INFO  sorting/base_engine.cpp       :  192 - Lv1 scanning done. Large diff: 0. Time elapsed: 1.9256'
2026-10-02 14:32:10 - b'INFO  sorting/base_engine.cpp       :  198 - Lv1 fetching & sorting done. Time elapsed: 6.0022'
2026-10-02 14:32:10 - b'INFO  sorting/base_engine.cpp       :  185 - Lv1 scanning from bucket 42037 to 56749'
2026-10-02 14:32:12 - b'INFO  sorting/base_engine.cpp       :  192 - Lv1 scanning done. Large diff: 0. Time elapsed: 1.9608'
2026-10-02 14:32:25 - b'INFO  sorting/base_engine.cpp       :  198 - Lv1 fetching & sorting done. Time elapsed: 13.2130'
2026-10-02 14:32:25 - b'INFO  sorting/base_engine.cpp       :  185 - Lv1 scanning from bucket 56749 to 65536'
2026-10-02 14:32:26 - b'INFO  sorting/base_engine.cpp       :  192 - Lv1 scanning done. Large diff: 0. Time elapsed: 1.2522'
2026-10-02 14:32:29 - b'INFO  sorting/base_engine.cpp       :  198 - Lv1 fetching & sorting done. Time elapsed: 2.5898'
2026-10-02 14:32:29 - b'INFO  sorting/base_engine.cpp       :  204 - Main loop done. Time elapsed: 80.0774'
2026-10-02 14:32:29 - b'INFO  sorting/base_engine.cpp       :  207 - Postprocessing...'
2026-10-02 14:32:31 - b'INFO  sorting/seq_to_sdbg.cpp       :  793 - Number of $ A C G T A- C- G- T-:'
2026-10-02 14:32:31 - b'INFO  sorting/seq_to_sdbg.cpp       :  794 - 4725060 483231588 430332393 431628245 482551166 125162 114191 114501 124131'
2026-10-02 14:32:31 - b'INFO  sorting/seq_to_sdbg.cpp       :  800 - Total number of edges: 1832946437'
2026-10-02 14:32:31 - b'INFO  sorting/seq_to_sdbg.cpp       :  801 - Total number of ONEs: 1827743392'
2026-10-02 14:32:31 - b'INFO  sorting/seq_to_sdbg.cpp       :  802 - Total number of $v edges: 4725060'
2026-10-02 14:32:31 - b'INFO  sorting/base_engine.cpp       :  210 - Postprocess done. Time elapsed: 2.7128'
2026-10-02 14:32:31 - b'INFO  utils/utils.h                 :  152 - Real: 89.9538\tuser: 1122.2992\tsys: 15.9154\tmaxrss: 1904120'
2026-10-02 14:32:32 - Assemble contigs from SdBG for k = 99
2026-10-02 14:32:56 - b'INFO  main_assemble.cpp             :  129 - Loading succinct de Bruijn graph: /labgenomaarea2/valentina.pavelecini/EHI/Megahit/coassembly/tmp/k99/99Done. Time elapsed: 24.193183'
2026-10-02 14:32:56 - b'INFO  main_assemble.cpp             :  133 - Number of Edges: 1832946437; K value: 99'
2026-10-02 14:32:56 - b'INFO  main_assemble.cpp             :  140 - Number of CPU threads: 24'
2026-10-02 14:33:15 - b'INFO  assembly/sdbg_pruning.cpp     :  160 - Removing tips with length less than 2; Accumulated tips removed: 8610; time elapsed: 1.2734'
2026-10-02 14:33:17 - b'INFO  assembly/sdbg_pruning.cpp     :  160 - Removing tips with length less than 4; Accumulated tips removed: 25386; time elapsed: 1.7837'
2026-10-02 14:33:20 - b'INFO  assembly/sdbg_pruning.cpp     :  160 - Removing tips with length less than 8; Accumulated tips removed: 54960; time elapsed: 3.3411'
2026-10-02 14:33:26 - b'INFO  assembly/sdbg_pruning.cpp     :  160 - Removing tips with length less than 16; Accumulated tips removed: 109580; time elapsed: 6.5736'
2026-10-02 14:33:39 - b'INFO  assembly/sdbg_pruning.cpp     :  160 - Removing tips with length less than 32; Accumulated tips removed: 195250; time elapsed: 12.7975'
2026-10-02 14:34:04 - b'INFO  assembly/sdbg_pruning.cpp     :  160 - Removing tips with length less than 64; Accumulated tips removed: 331498; time elapsed: 25.0655'
2026-10-02 14:34:53 - b'INFO  assembly/sdbg_pruning.cpp     :  160 - Removing tips with length less than 128; Accumulated tips removed: 500986; time elapsed: 49.0188'
2026-10-02 14:35:47 - b'INFO  assembly/sdbg_pruning.cpp     :  169 - Removing tips with length less than 198; Accumulated tips removed: 2789700; time elapsed: 53.4516'
2026-10-02 14:35:47 - b'INFO  main_assemble.cpp             :  158 - Tips removal done! Time elapsed(sec): 171.048'
2026-10-02 14:37:15 - b'INFO  assembly/unitig_graph.cpp     :   83 - Graph size without loops: 1461837, palindrome: 15'
2026-10-02 14:37:28 - b'INFO  main_assemble.cpp             :  166 - unitig graph size: 1471869, time for building: 101.051'
2026-10-02 14:37:30 - b'INFO  assembly/contig_stat.h        :   40 - Max: 542584, Min: 100, N50: 680, number contigs: 1471869, number isolated: 1056641, number looped: 10032, total size: 861215094,'
2026-10-02 14:37:30 - b'INFO  main_assemble.cpp             :  184 - Graph cleaning round 1'
2026-10-02 14:37:30 - b'INFO  main_assemble.cpp             :  200 - Number of bubbles removed: 12552, Time elapsed(sec): 0.553'
2026-10-02 14:37:32 - b'INFO  main_assemble.cpp             :  210 - Number of complex bubbles removed: 11162, Time elapsed(sec): 1.114524'
2026-10-02 14:37:32 - b'INFO  main_assemble.cpp             :  221 - Number unitigs disconnected: 77538, time: 0.254'
2026-10-02 14:37:32 - b'INFO  main_assemble.cpp             :  245 - Unitigs removed in excessive pruning: 9307, time: 0.158'
2026-10-02 14:37:32 - b'INFO  main_assemble.cpp             :  184 - Graph cleaning round 2'
2026-10-02 14:37:33 - b'INFO  main_assemble.cpp             :  192 - Tips removed: 13486, time: 0.826'
2026-10-02 14:37:33 - b'INFO  main_assemble.cpp             :  200 - Number of bubbles removed: 100, Time elapsed(sec): 0.200'
2026-10-02 14:37:33 - b'INFO  main_assemble.cpp             :  210 - Number of complex bubbles removed: 872, Time elapsed(sec): 0.515774'
2026-10-02 14:37:34 - b'INFO  main_assemble.cpp             :  221 - Number unitigs disconnected: 2355, time: 0.168'
2026-10-02 14:37:34 - b'INFO  main_assemble.cpp             :  245 - Unitigs removed in excessive pruning: 1141, time: 0.122'
2026-10-02 14:37:34 - b'INFO  main_assemble.cpp             :  184 - Graph cleaning round 3'
2026-10-02 14:37:35 - b'INFO  main_assemble.cpp             :  192 - Tips removed: 670, time: 0.756'
2026-10-02 14:37:35 - b'INFO  main_assemble.cpp             :  200 - Number of bubbles removed: 16, Time elapsed(sec): 0.189'
2026-10-02 14:37:35 - b'INFO  main_assemble.cpp             :  210 - Number of complex bubbles removed: 32, Time elapsed(sec): 0.371189'
2026-10-02 14:37:35 - b'INFO  main_assemble.cpp             :  221 - Number unitigs disconnected: 476, time: 0.167'
2026-10-02 14:37:35 - b'INFO  main_assemble.cpp             :  245 - Unitigs removed in excessive pruning: 315, time: 0.116'
2026-10-02 14:37:35 - b'INFO  main_assemble.cpp             :  184 - Graph cleaning round 4'
2026-10-02 14:37:36 - b'INFO  main_assemble.cpp             :  192 - Tips removed: 140, time: 0.741'
2026-10-02 14:37:36 - b'INFO  main_assemble.cpp             :  200 - Number of bubbles removed: 1, Time elapsed(sec): 0.175'
2026-10-02 14:37:37 - b'INFO  main_assemble.cpp             :  210 - Number of complex bubbles removed: 10, Time elapsed(sec): 0.303101'
2026-10-02 14:37:37 - b'INFO  main_assemble.cpp             :  221 - Number unitigs disconnected: 128, time: 0.166'
2026-10-02 14:37:37 - b'INFO  main_assemble.cpp             :  245 - Unitigs removed in excessive pruning: 105, time: 0.115'
2026-10-02 14:37:37 - b'INFO  main_assemble.cpp             :  184 - Graph cleaning round 5'
2026-10-02 14:37:38 - b'INFO  main_assemble.cpp             :  192 - Tips removed: 38, time: 0.713'
2026-10-02 14:37:38 - b'INFO  main_assemble.cpp             :  200 - Number of bubbles removed: 1, Time elapsed(sec): 0.170'
2026-10-02 14:37:38 - b'INFO  main_assemble.cpp             :  210 - Number of complex bubbles removed: 1, Time elapsed(sec): 0.299587'
2026-10-02 14:37:38 - b'INFO  main_assemble.cpp             :  221 - Number unitigs disconnected: 46, time: 0.166'
2026-10-02 14:37:38 - b'INFO  main_assemble.cpp             :  245 - Unitigs removed in excessive pruning: 48, time: 0.114'
2026-10-02 14:37:40 - b'INFO  assembly/contig_stat.h        :   40 - Max: 542584, Min: 100, N50: 737, number contigs: 1282178, number isolated: 1075985, number looped: 10144, total size: 837348755,'
2026-10-02 14:38:08 - b'INFO  main_assemble.cpp             :  267 - Time to output: 28.300406'
2026-10-02 14:38:14 - b'INFO  main_assemble.cpp             :  286 - Number of local low depth unitigs removed: 8916, complex bubbles removed: 325, time: 5.295167'
2026-10-02 14:38:15 - b'INFO  assembly/contig_stat.h        :   40 - Max: 542584, Min: 100, N50: 743, number contigs: 1261047, number isolated: 1079334, number looped: 10158, total size: 834440414,'
2026-10-02 14:38:43 - b'INFO  utils/utils.h                 :  152 - Real: 371.6018\tuser: 7557.7272\tsys: 15.3171\tmaxrss: 4232704'
2026-10-02 14:38:44 - Local assembly for k = 99
2026-10-02 14:40:46 - b'INFO  localasm/hash_mapper.cpp      :   99 - Number of contigs: 1189313, index size: 97871207'
2026-10-02 14:40:46 - b'INFO  localasm/local_assemble.cpp   :  315 - Hash mapper construction time elapsed: 121.444931'
2026-10-02 14:40:46 - b'INFO  sequence/io/sequence_lib.cpp  :  115 - Before reading, sizeof seq_package: 10440665032'
2026-10-02 14:41:01 - b'INFO  sequence/io/sequence_lib.cpp  :  117 - After reading, sizeof seq_package: 10440665032'
2026-10-02 14:41:01 - b'INFO  localasm/local_assemble.cpp   :  324 - Read lib time elapsed: 15.683323'
2026-10-02 14:41:02 - b'INFO  localasm/local_assemble.cpp   :  133 - Lib 0, insert size: 228.00 sd: 97.91'
2026-10-02 14:41:03 - b'INFO  localasm/local_assemble.cpp   :  133 - Lib 1, insert size: 228.00 sd: 104.98'
2026-10-02 14:41:03 - b'INFO  localasm/local_assemble.cpp   :  133 - Lib 2, insert size: 217.00 sd: 105.20'
2026-10-02 14:41:04 - b'INFO  localasm/local_assemble.cpp   :  133 - Lib 3, insert size: 230.00 sd: 103.03'
2026-10-02 14:41:05 - b'INFO  localasm/local_assemble.cpp   :  133 - Lib 4, insert size: 215.00 sd: 93.57'
2026-10-02 14:41:06 - b'INFO  localasm/local_assemble.cpp   :  133 - Lib 5, insert size: 241.00 sd: 102.78'
2026-10-02 14:41:06 - b'INFO  localasm/local_assemble.cpp   :  330 - Insert size estimation time elapsed: 4.877982'
2026-10-02 14:41:41 - b'INFO  localasm/local_assemble.cpp   :  218 - Lib 0: total 53289964 reads, aligned 30684840, added 2710357 reads to local assembly'
2026-10-02 14:42:33 - b'INFO  localasm/local_assemble.cpp   :  218 - Lib 1: total 83669984 reads, aligned 50890621, added 4623363 reads to local assembly'
2026-10-02 14:42:45 - b'INFO  localasm/local_assemble.cpp   :  218 - Lib 2: total 19794118 reads, aligned 12408627, added 951181 reads to local assembly'
2026-10-02 14:43:16 - b'INFO  localasm/local_assemble.cpp   :  218 - Lib 3: total 50413130 reads, aligned 28866904, added 2855066 reads to local assembly'
2026-10-02 14:43:24 - b'INFO  localasm/local_assemble.cpp   :  218 - Lib 4: total 12885188 reads, aligned 4142708, added 528425 reads to local assembly'
2026-10-02 14:43:36 - b'INFO  localasm/local_assemble.cpp   :  218 - Lib 5: total 19597690 reads, aligned 8600470, added 979366 reads to local assembly'
2026-10-02 14:43:36 - b'INFO  localasm/local_assemble.cpp   :  338 - Mapping time elapsed: 149.935410'
2026-10-02 14:43:36 - b'INFO  localasm/local_assemble.cpp   :  232 - Minimum number of reads to do local assembly: 3'
2026-10-02 14:49:18 - b'INFO  localasm/local_assemble.cpp   :  346 - Local assembly time elapsed: 341.318507'
2026-10-02 14:49:19 - b'INFO  utils/utils.h                 :  152 - Real: 634.3492\tuser: 14533.1807\tsys: 35.7105\tmaxrss: 14397600'
2026-10-02 14:49:19 - Extract iterative edges from k = 99 to 119 
2026-10-02 14:49:19 - b'INFO  main_iterate.cpp              :  190 - Selected kmer type size for k: 28'
2026-10-02 14:49:20 - b'INFO  main_iterate.cpp              :  174 - Read 206193 contigs'
2026-10-02 14:49:20 - b'INFO  main_iterate.cpp              :  176 - Number of flank kmers: 410868'
2026-10-02 14:49:20 - b'INFO  main_iterate.cpp              :  174 - Read 27027 contigs'
2026-10-02 14:49:20 - b'INFO  main_iterate.cpp              :  176 - Number of flank kmers: 456499'
2026-10-02 14:49:20 - b'INFO  main_iterate.cpp              :  123 - Selected kmer type size for next k: 32'
2026-10-02 14:49:22 - b'INFO  main_iterate.cpp              :  138 - Processed: 4194304, aligned: 34921. Iterative edges: 220948'
2026-10-02 14:49:23 - b'INFO  main_iterate.cpp              :  138 - Processed: 8388608, aligned: 69366. Iterative edges: 374724'
2026-10-02 14:49:24 - b'INFO  main_iterate.cpp              :  138 - Processed: 12582912, aligned: 104261. Iterative edges: 497388'
2026-10-02 14:49:26 - b'INFO  main_iterate.cpp              :  138 - Processed: 16777216, aligned: 139089. Iterative edges: 597925'
2026-10-02 14:49:27 - b'INFO  main_iterate.cpp              :  138 - Processed: 20971520, aligned: 174952. Iterative edges: 683090'
2026-10-02 14:49:28 - b'INFO  main_iterate.cpp              :  138 - Processed: 25165824, aligned: 210250. Iterative edges: 758349'
2026-10-02 14:49:29 - b'INFO  main_iterate.cpp              :  138 - Processed: 29360128, aligned: 244868. Iterative edges: 820432'
2026-10-02 14:49:30 - b'INFO  main_iterate.cpp              :  138 - Processed: 33554432, aligned: 279634. Iterative edges: 875030'
2026-10-02 14:49:32 - b'INFO  main_iterate.cpp              :  138 - Processed: 37748736, aligned: 314853. Iterative edges: 925492'
2026-10-02 14:49:33 - b'INFO  main_iterate.cpp              :  138 - Processed: 41943040, aligned: 350129. Iterative edges: 971206'
2026-10-02 14:49:34 - b'INFO  main_iterate.cpp              :  138 - Processed: 46137344, aligned: 385608. Iterative edges: 1011118'
2026-10-02 14:49:35 - b'INFO  main_iterate.cpp              :  138 - Processed: 50331648, aligned: 421108. Iterative edges: 1048640'
2026-10-02 14:49:36 - b'INFO  main_iterate.cpp              :  138 - Processed: 54525952, aligned: 456045. Iterative edges: 1095117'
2026-10-02 14:49:38 - b'INFO  main_iterate.cpp              :  138 - Processed: 58720256, aligned: 491313. Iterative edges: 1159176'
2026-10-02 14:49:39 - b'INFO  main_iterate.cpp              :  138 - Processed: 62914560, aligned: 526100. Iterative edges: 1212630'
2026-10-02 14:49:40 - b'INFO  main_iterate.cpp              :  138 - Processed: 67108864, aligned: 560753. Iterative edges: 1256492'
2026-10-02 14:49:41 - b'INFO  main_iterate.cpp              :  138 - Processed: 71303168, aligned: 595802. Iterative edges: 1295624'
2026-10-02 14:49:42 - b'INFO  main_iterate.cpp              :  138 - Processed: 75497472, aligned: 631294. Iterative edges: 1330632'
2026-10-02 14:49:44 - b'INFO  main_iterate.cpp              :  138 - Processed: 79691776, aligned: 667030. Iterative edges: 1359756'
2026-10-02 14:49:45 - b'INFO  main_iterate.cpp              :  138 - Processed: 83886080, aligned: 702322. Iterative edges: 1385159'
2026-10-02 14:49:46 - b'INFO  main_iterate.cpp              :  138 - Processed: 88080384, aligned: 737645. Iterative edges: 1408210'
2026-10-02 14:49:47 - b'INFO  main_iterate.cpp              :  138 - Processed: 92274688, aligned: 773244. Iterative edges: 1428584'
2026-10-02 14:49:48 - b'INFO  main_iterate.cpp              :  138 - Processed: 96468992, aligned: 807985. Iterative edges: 1445497'
2026-10-02 14:49:49 - b'INFO  main_iterate.cpp              :  138 - Processed: 100663296, aligned: 842714. Iterative edges: 1459999'
2026-10-02 14:49:51 - b'INFO  main_iterate.cpp              :  138 - Processed: 104857600, aligned: 877700. Iterative edges: 1474663'
2026-10-02 14:49:52 - b'INFO  main_iterate.cpp              :  138 - Processed: 109051904, aligned: 912649. Iterative edges: 1488323'
2026-10-02 14:49:53 - b'INFO  main_iterate.cpp              :  138 - Processed: 113246208, aligned: 947667. Iterative edges: 1500089'
2026-10-02 14:49:54 - b'INFO  main_iterate.cpp              :  138 - Processed: 117440512, aligned: 983399. Iterative edges: 1510934'
2026-10-02 14:49:55 - b'INFO  main_iterate.cpp              :  138 - Processed: 121634816, aligned: 1018890. Iterative edges: 1521562'
2026-10-02 14:49:56 - b'INFO  main_iterate.cpp              :  138 - Processed: 125829120, aligned: 1054206. Iterative edges: 1531434'
2026-10-02 14:49:58 - b'INFO  main_iterate.cpp              :  138 - Processed: 130023424, aligned: 1089290. Iterative edges: 1540719'
2026-10-02 14:49:59 - b'INFO  main_iterate.cpp              :  138 - Processed: 134217728, aligned: 1124648. Iterative edges: 1548400'
2026-10-02 14:50:00 - b'INFO  main_iterate.cpp              :  138 - Processed: 138412032, aligned: 1159090. Iterative edges: 1559210'
2026-10-02 14:50:01 - b'INFO  main_iterate.cpp              :  138 - Processed: 142606336, aligned: 1190948. Iterative edges: 1572647'
2026-10-02 14:50:02 - b'INFO  main_iterate.cpp              :  138 - Processed: 146800640, aligned: 1223298. Iterative edges: 1584515'
2026-10-02 14:50:03 - b'INFO  main_iterate.cpp              :  138 - Processed: 150994944, aligned: 1255950. Iterative edges: 1595819'
2026-10-02 14:50:04 - b'INFO  main_iterate.cpp              :  138 - Processed: 155189248, aligned: 1287731. Iterative edges: 1606843'
2026-10-02 14:50:06 - b'INFO  main_iterate.cpp              :  138 - Processed: 159383552, aligned: 1318617. Iterative edges: 1640968'
2026-10-02 14:50:07 - b'INFO  main_iterate.cpp              :  138 - Processed: 163577856, aligned: 1348547. Iterative edges: 1687720'
2026-10-02 14:50:08 - b'INFO  main_iterate.cpp              :  138 - Processed: 167772160, aligned: 1378226. Iterative edges: 1728215'
2026-10-02 14:50:09 - b'INFO  main_iterate.cpp              :  138 - Processed: 171966464, aligned: 1408687. Iterative edges: 1765787'
2026-10-02 14:50:10 - b'INFO  main_iterate.cpp              :  138 - Processed: 176160768, aligned: 1438671. Iterative edges: 1799145'
2026-10-02 14:50:12 - b'INFO  main_iterate.cpp              :  138 - Processed: 180355072, aligned: 1468768. Iterative edges: 1829863'
2026-10-02 14:50:13 - b'INFO  main_iterate.cpp              :  138 - Processed: 184549376, aligned: 1498645. Iterative edges: 1857886'
2026-10-02 14:50:14 - b'INFO  main_iterate.cpp              :  138 - Processed: 188743680, aligned: 1527978. Iterative edges: 1883777'
2026-10-02 14:50:15 - b'INFO  main_iterate.cpp              :  138 - Processed: 192937984, aligned: 1558124. Iterative edges: 1908023'
2026-10-02 14:50:16 - b'INFO  main_iterate.cpp              :  138 - Processed: 197132288, aligned: 1589039. Iterative edges: 1930980'
2026-10-02 14:50:18 - b'INFO  main_iterate.cpp              :  138 - Processed: 201326592, aligned: 1619436. Iterative edges: 1951164'
2026-10-02 14:50:19 - b'INFO  main_iterate.cpp              :  138 - Processed: 205520896, aligned: 1649812. Iterative edges: 1971586'
2026-10-02 14:50:20 - b'INFO  main_iterate.cpp              :  138 - Processed: 209715200, aligned: 1672639. Iterative edges: 2005673'
2026-10-02 14:50:21 - b'INFO  main_iterate.cpp              :  138 - Processed: 213909504, aligned: 1690614. Iterative edges: 2039832'
2026-10-02 14:50:22 - b'INFO  main_iterate.cpp              :  138 - Processed: 218103808, aligned: 1709080. Iterative edges: 2065567'
2026-10-02 14:50:24 - b'INFO  main_iterate.cpp              :  138 - Processed: 222298112, aligned: 1728287. Iterative edges: 2097886'
2026-10-02 14:50:25 - b'INFO  main_iterate.cpp              :  138 - Processed: 226492416, aligned: 1748200. Iterative edges: 2125569'
2026-10-02 14:50:26 - b'INFO  main_iterate.cpp              :  138 - Processed: 230686720, aligned: 1768367. Iterative edges: 2143252'
2026-10-02 14:50:27 - b'INFO  main_iterate.cpp              :  138 - Processed: 234881024, aligned: 1788701. Iterative edges: 2154789'
2026-10-02 14:50:28 - b'INFO  main_iterate.cpp              :  138 - Processed: 239075328, aligned: 1808709. Iterative edges: 2164010'
2026-10-02 14:50:29 - b'INFO  main_iterate.cpp              :  138 - Processed: 239650074, aligned: 1811501. Iterative edges: 2165041'
2026-10-02 14:50:29 - b'INFO  main_iterate.cpp              :  142 - Total: 239650074, aligned: 1811501. Iterative edges: 2165041'
2026-10-02 14:50:30 - b'INFO  utils/utils.h                 :  152 - Real: 71.3286\tuser: 1585.7003\tsys: 3.9202\tmaxrss: 640872'
2026-10-02 14:50:30 - Build graph for k = 119 
2026-10-02 14:50:30 - b'INFO  sorting/base_engine.cpp       :  148 - Preparing data...'
2026-10-02 14:50:30 - b'INFO  sorting/seq_to_sdbg.cpp       :  369 - Number edges: 2165041'
2026-10-02 14:50:30 - b'INFO  sorting/seq_to_sdbg.cpp       :  413 - Bases to reserve: 570481608, number contigs: 1903032, number multiplicity: 4068073'
2026-10-02 14:50:30 - b'INFO  sorting/seq_to_sdbg.cpp       :  421 - Before reading, sizeof seq_package: 157844668, multiplicity vector: 4068073'
2026-10-02 14:50:30 - b'INFO  sorting/seq_to_sdbg.cpp       :  428 - Read 2165041 edges.'
2026-10-02 14:50:30 - b'INFO  sorting/seq_to_sdbg.cpp       :  429 - After reading, sizeof seq_package: 157844668/2165041/259804920, multiplicity vector: 2165041/4068073'
2026-10-02 14:50:33 - b'INFO  sorting/seq_to_sdbg.cpp       :  458 - Read 1260945 contigs from /labgenomaarea2/valentina.pavelecini/EHI/Megahit/coassembly/intermediate_contigs/k99.contigs.fa.'
2026-10-02 14:50:33 - b'INFO  sorting/seq_to_sdbg.cpp       :  459 - After reading contigs, sizeof seq_package: 300465072/3425986/1095043861, multiplicity vector: 3425986/4068073'
2026-10-02 14:50:33 - b'INFO  sorting/seq_to_sdbg.cpp       :  470 - Read 25097 contigs from /labgenomaarea2/valentina.pavelecini/EHI/Megahit/coassembly/intermediate_contigs/k99.bubble_seq.fa.'
2026-10-02 14:50:33 - b'INFO  sorting/seq_to_sdbg.cpp       :  471 - After reading contigs, sizeof seq_package: 300465072/3451083/1110205898, multiplicity vector: 3451083/4068073'
2026-10-02 14:50:33 - b'INFO  sorting/seq_to_sdbg.cpp       :  484 - Read 8227 contigs from /labgenomaarea2/valentina.pavelecini/EHI/Megahit/coassembly/intermediate_contigs/k99.addi.fa.'
2026-10-02 14:50:33 - b'INFO  sorting/seq_to_sdbg.cpp       :  485 - After reading contigs, sizeof seq_package: 300465072/3459310/1121886828, multiplicity vector: 3459310/4068073'
2026-10-02 14:50:34 - b'INFO  sorting/seq_to_sdbg.cpp       :  498 - Read 585516 contigs from /labgenomaarea2/valentina.pavelecini/EHI/Megahit/coassembly/intermediate_contigs/k99.local.fa.'
2026-10-02 14:50:34 - b'INFO  sorting/seq_to_sdbg.cpp       :  499 - After reading contigs, sizeof seq_package: 585705880/4044826/1395673068, multiplicity vector: 4044826/4068073'
2026-10-02 14:50:34 - b'INFO  sorting/seq_to_sdbg.cpp       :  506 - Finally, sizeof seq_package: 585705880/4044826/1395673068, multiplicity vector: 4044826/4068073'
2026-10-02 14:50:34 - b'INFO  sorting/base_engine.cpp       :  153 - Preparing data... Done. Time elapsed: 3.7904'
2026-10-02 14:50:34 - b'INFO  sorting/base_engine.cpp       :  156 - Preparing partitions and calculating bucket sizes...'
2026-10-02 14:50:35 - b'INFO  sorting/base_engine.cpp       :   80 - Minimum memory required: 674407558 bytes'
2026-10-02 14:50:35 - b'INFO  sorting/base_engine.cpp       :  138 - Lv1 items: 245980913, Lv2 items: 2026800'
2026-10-02 14:50:35 - b'INFO  sorting/base_engine.cpp       :  139 - Memory of derived class: 604745746, Memory for Lv1+Lv2: 1056888452'
2026-10-02 14:50:35 - b'INFO  sorting/base_engine.cpp       :  165 - Preparing partitions and calculating bucket sizes... Done. Time elapsed: 1.3165'
2026-10-02 14:50:35 - b'INFO  sorting/base_engine.cpp       :  172 - Start main loop...'
2026-10-02 14:50:35 - b'INFO  sorting/base_engine.cpp       :  185 - Lv1 scanning from bucket 0 to 2333'
2026-10-02 14:50:36 - b'INFO  sorting/base_engine.cpp       :  192 - Lv1 scanning done. Large diff: 0. Time elapsed: 1.1231'
2026-10-02 14:50:40 - b'INFO  sorting/base_engine.cpp       :  198 - Lv1 fetching & sorting done. Time elapsed: 3.4889'
2026-10-02 14:50:40 - b'INFO  sorting/base_engine.cpp       :  185 - Lv1 scanning from bucket 2333 to 7118'
2026-10-02 14:50:41 - b'INFO  sorting/base_engine.cpp       :  192 - Lv1 scanning done. Large diff: 0. Time elapsed: 1.3876'
2026-10-02 14:50:45 - b'INFO  sorting/base_engine.cpp       :  198 - Lv1 fetching & sorting done. Time elapsed: 4.3062'
2026-10-02 14:50:45 - b'INFO  sorting/base_engine.cpp       :  185 - Lv1 scanning from bucket 7118 to 13465'
2026-10-02 14:50:47 - b'INFO  sorting/base_engine.cpp       :  192 - Lv1 scanning done. Large diff: 0. Time elapsed: 1.5017'
2026-10-02 14:50:52 - b'INFO  sorting/base_engine.cpp       :  198 - Lv1 fetching & sorting done. Time elapsed: 4.6099'
2026-10-02 14:50:52 - b'INFO  sorting/base_engine.cpp       :  185 - Lv1 scanning from bucket 13465 to 21200'
2026-10-02 14:50:53 - b'INFO  sorting/base_engine.cpp       :  192 - Lv1 scanning done. Large diff: 0. Time elapsed: 1.5336'
2026-10-02 14:50:58 - b'INFO  sorting/base_engine.cpp       :  198 - Lv1 fetching & sorting done. Time elapsed: 4.7190'
2026-10-02 14:50:58 - b'INFO  sorting/base_engine.cpp       :  185 - Lv1 scanning from bucket 21200 to 30511'
2026-10-02 14:50:59 - b'INFO  sorting/base_engine.cpp       :  192 - Lv1 scanning done. Large diff: 0. Time elapsed: 1.5870'
2026-10-02 14:51:04 - b'INFO  sorting/base_engine.cpp       :  198 - Lv1 fetching & sorting done. Time elapsed: 4.9371'
2026-10-02 14:51:04 - b'INFO  sorting/base_engine.cpp       :  185 - Lv1 scanning from bucket 30511 to 41904'
2026-10-02 14:51:06 - b'INFO  sorting/base_engine.cpp       :  192 - Lv1 scanning done. Large diff: 0. Time elapsed: 1.6382'
2026-10-02 14:51:31 - b'INFO  sorting/base_engine.cpp       :  198 - Lv1 fetching & sorting done. Time elapsed: 24.5994'
2026-10-02 14:51:31 - b'INFO  sorting/base_engine.cpp       :  185 - Lv1 scanning from bucket 41904 to 56929'
2026-10-02 14:51:32 - b'INFO  sorting/base_engine.cpp       :  192 - Lv1 scanning done. Large diff: 0. Time elapsed: 1.6865'
2026-10-02 14:51:37 - b'INFO  sorting/base_engine.cpp       :  198 - Lv1 fetching & sorting done. Time elapsed: 5.2311'
2026-10-02 14:51:37 - b'INFO  sorting/base_engine.cpp       :  185 - Lv1 scanning from bucket 56929 to 65536'
2026-10-02 14:51:38 - b'INFO  sorting/base_engine.cpp       :  192 - Lv1 scanning done. Large diff: 0. Time elapsed: 1.0187'
2026-10-02 14:51:41 - b'INFO  sorting/base_engine.cpp       :  198 - Lv1 fetching & sorting done. Time elapsed: 2.0133'
2026-10-02 14:51:41 - b'INFO  sorting/base_engine.cpp       :  204 - Main loop done. Time elapsed: 65.3853'
2026-10-02 14:51:41 - b'INFO  sorting/base_engine.cpp       :  207 - Postprocessing...'
2026-10-02 14:51:46 - b'INFO  sorting/seq_to_sdbg.cpp       :  793 - Number of $ A C G T A- C- G- T-:'
2026-10-02 14:51:46 - b'INFO  sorting/seq_to_sdbg.cpp       :  794 - 2417398 382556644 327809541 328715070 382058015 78610 80335 66223 84334'
2026-10-02 14:51:46 - b'INFO  sorting/seq_to_sdbg.cpp       :  800 - Total number of edges: 1423866170'
2026-10-02 14:51:46 - b'INFO  sorting/seq_to_sdbg.cpp       :  801 - Total number of ONEs: 1421139270'
2026-10-02 14:51:46 - b'INFO  sorting/seq_to_sdbg.cpp       :  802 - Total number of $v edges: 2417398'
2026-10-02 14:51:46 - b'INFO  sorting/base_engine.cpp       :  210 - Postprocess done. Time elapsed: 5.6953'
2026-10-02 14:51:46 - b'INFO  utils/utils.h                 :  152 - Real: 76.2491\tuser: 929.9327\tsys: 13.2753\tmaxrss: 1479556'
2026-10-02 14:51:46 - Assemble contigs from SdBG for k = 119
2026-10-02 14:52:05 - b'INFO  main_assemble.cpp             :  129 - Loading succinct de Bruijn graph: /labgenomaarea2/valentina.pavelecini/EHI/Megahit/coassembly/tmp/k119/119Done. Time elapsed: 19.080891'
2026-10-02 14:52:05 - b'INFO  main_assemble.cpp             :  133 - Number of Edges: 1423866170; K value: 119'
2026-10-02 14:52:05 - b'INFO  main_assemble.cpp             :  140 - Number of CPU threads: 24'
2026-10-02 14:52:20 - b'INFO  assembly/sdbg_pruning.cpp     :  160 - Removing tips with length less than 2; Accumulated tips removed: 6062; time elapsed: 0.8965'
2026-10-02 14:52:21 - b'INFO  assembly/sdbg_pruning.cpp     :  160 - Removing tips with length less than 4; Accumulated tips removed: 16490; time elapsed: 1.1452'
2026-10-02 14:52:23 - b'INFO  assembly/sdbg_pruning.cpp     :  160 - Removing tips with length less than 8; Accumulated tips removed: 36064; time elapsed: 1.8899'
2026-10-02 14:52:27 - b'INFO  assembly/sdbg_pruning.cpp     :  160 - Removing tips with length less than 16; Accumulated tips removed: 70800; time elapsed: 3.4292'
2026-10-02 14:52:33 - b'INFO  assembly/sdbg_pruning.cpp     :  160 - Removing tips with length less than 32; Accumulated tips removed: 125942; time elapsed: 6.4395'
2026-10-02 14:52:45 - b'INFO  assembly/sdbg_pruning.cpp     :  160 - Removing tips with length less than 64; Accumulated tips removed: 216345; time elapsed: 12.3490'
2026-10-02 14:53:09 - b'INFO  assembly/sdbg_pruning.cpp     :  160 - Removing tips with length less than 128; Accumulated tips removed: 334319; time elapsed: 23.6873'
2026-10-02 14:53:46 - b'INFO  assembly/sdbg_pruning.cpp     :  169 - Removing tips with length less than 238; Accumulated tips removed: 959936; time elapsed: 36.9787'
2026-10-02 14:53:46 - b'INFO  main_assemble.cpp             :  158 - Tips removal done! Time elapsed(sec): 100.608'
2026-10-02 14:55:00 - b'INFO  assembly/unitig_graph.cpp     :   83 - Graph size without loops: 1041958, palindrome: 6'
2026-10-02 14:55:12 - b'INFO  main_assemble.cpp             :  166 - unitig graph size: 1052101, time for building: 86.088'
2026-10-02 14:55:13 - b'INFO  assembly/contig_stat.h        :   40 - Max: 542624, Min: 120, N50: 835, number contigs: 1052101, number isolated: 793985, number looped: 10143, total size: 762985806,'
2026-10-02 14:55:13 - b'INFO  main_assemble.cpp             :  184 - Graph cleaning round 1'
2026-10-02 14:55:14 - b'INFO  main_assemble.cpp             :  200 - Number of bubbles removed: 6609, Time elapsed(sec): 0.309'
2026-10-02 14:55:14 - b'INFO  main_assemble.cpp             :  210 - Number of complex bubbles removed: 5743, Time elapsed(sec): 0.684703'
2026-10-02 14:55:15 - b'INFO  main_assemble.cpp             :  221 - Number unitigs disconnected: 52240, time: 0.179'
2026-10-02 14:55:15 - b'INFO  main_assemble.cpp             :  245 - Unitigs removed in excessive pruning: 5414, time: 0.110'
2026-10-02 14:55:15 - b'INFO  main_assemble.cpp             :  184 - Graph cleaning round 2'
2026-10-02 14:55:15 - b'INFO  main_assemble.cpp             :  192 - Tips removed: 8014, time: 0.593'
2026-10-02 14:55:15 - b'INFO  main_assemble.cpp             :  200 - Number of bubbles removed: 68, Time elapsed(sec): 0.154'
2026-10-02 14:55:16 - b'INFO  main_assemble.cpp             :  210 - Number of complex bubbles removed: 543, Time elapsed(sec): 0.456965'
2026-10-02 14:55:16 - b'INFO  main_assemble.cpp             :  221 - Number unitigs disconnected: 1337, time: 0.121'
2026-10-02 14:55:16 - b'INFO  main_assemble.cpp             :  245 - Unitigs removed in excessive pruning: 714, time: 0.087'
2026-10-02 14:55:16 - b'INFO  main_assemble.cpp             :  184 - Graph cleaning round 3'
2026-10-02 14:55:17 - b'INFO  main_assemble.cpp             :  192 - Tips removed: 361, time: 0.543'
2026-10-02 14:55:17 - b'INFO  main_assemble.cpp             :  200 - Number of bubbles removed: 12, Time elapsed(sec): 0.139'
2026-10-02 14:55:17 - b'INFO  main_assemble.cpp             :  210 - Number of complex bubbles removed: 13, Time elapsed(sec): 0.221809'
2026-10-02 14:55:17 - b'INFO  main_assemble.cpp             :  221 - Number unitigs disconnected: 275, time: 0.120'
2026-10-02 14:55:17 - b'INFO  main_assemble.cpp             :  245 - Unitigs removed in excessive pruning: 193, time: 0.088'
2026-10-02 14:55:17 - b'INFO  main_assemble.cpp             :  184 - Graph cleaning round 4'
2026-10-02 14:55:18 - b'INFO  main_assemble.cpp             :  192 - Tips removed: 98, time: 0.534'
2026-10-02 14:55:18 - b'INFO  main_assemble.cpp             :  200 - Number of bubbles removed: 1, Time elapsed(sec): 0.128'
2026-10-02 14:55:18 - b'INFO  main_assemble.cpp             :  210 - Number of complex bubbles removed: 0, Time elapsed(sec): 0.210672'
2026-10-02 14:55:18 - b'INFO  main_assemble.cpp             :  221 - Number unitigs disconnected: 80, time: 0.120'
2026-10-02 14:55:18 - b'INFO  main_assemble.cpp             :  245 - Unitigs removed in excessive pruning: 81, time: 0.083'
2026-10-02 14:55:18 - b'INFO  main_assemble.cpp             :  184 - Graph cleaning round 5'
2026-10-02 14:55:19 - b'INFO  main_assemble.cpp             :  192 - Tips removed: 25, time: 0.503'
2026-10-02 14:55:19 - b'INFO  main_assemble.cpp             :  200 - Number of bubbles removed: 0, Time elapsed(sec): 0.118'
2026-10-02 14:55:19 - b'INFO  main_assemble.cpp             :  210 - Number of complex bubbles removed: 0, Time elapsed(sec): 0.210282'
2026-10-02 14:55:19 - b'INFO  main_assemble.cpp             :  221 - Number unitigs disconnected: 29, time: 0.120'
2026-10-02 14:55:19 - b'INFO  main_assemble.cpp             :  245 - Unitigs removed in excessive pruning: 27, time: 0.083'
2026-10-02 14:55:21 - b'INFO  assembly/contig_stat.h        :   40 - Max: 542624, Min: 120, N50: 890, number contigs: 939956, number isolated: 807793, number looped: 10247, total size: 746316167,'
2026-10-02 14:55:45 - b'INFO  main_assemble.cpp             :  267 - Time to output: 24.094044'
2026-10-02 14:55:48 - b'INFO  main_assemble.cpp             :  286 - Number of local low depth unitigs removed: 4914, complex bubbles removed: 141, time: 3.215851'
2026-10-02 14:55:49 - b'INFO  assembly/contig_stat.h        :   40 - Max: 542624, Min: 120, N50: 896, number contigs: 928695, number isolated: 809614, number looped: 10253, total size: 744454471,'
2026-10-02 14:56:13 - b'INFO  utils/utils.h                 :  152 - Real: 266.5352\tuser: 5419.6456\tsys: 12.3101\tmaxrss: 3297744'
2026-10-02 14:56:14 - Local assembly for k = 119
2026-10-02 14:57:35 - b'INFO  localasm/hash_mapper.cpp      :   99 - Number of contigs: 890166, index size: 87940612'
2026-10-02 14:57:35 - b'INFO  localasm/local_assemble.cpp   :  315 - Hash mapper construction time elapsed: 81.220482'
2026-10-02 14:57:35 - b'INFO  sequence/io/sequence_lib.cpp  :  115 - Before reading, sizeof seq_package: 10440665032'
2026-10-02 14:57:51 - b'INFO  sequence/io/sequence_lib.cpp  :  117 - After reading, sizeof seq_package: 10440665032'
2026-10-02 14:57:51 - b'INFO  localasm/local_assemble.cpp   :  324 - Read lib time elapsed: 15.786729'
2026-10-02 14:57:51 - b'INFO  localasm/local_assemble.cpp   :  133 - Lib 0, insert size: 229.00 sd: 99.15'
2026-10-02 14:57:52 - b'INFO  localasm/local_assemble.cpp   :  133 - Lib 1, insert size: 229.00 sd: 106.48'
2026-10-02 14:57:53 - b'INFO  localasm/local_assemble.cpp   :  133 - Lib 2, insert size: 218.00 sd: 106.66'
2026-10-02 14:57:53 - b'INFO  localasm/local_assemble.cpp   :  133 - Lib 3, insert size: 232.00 sd: 104.30'
2026-10-02 14:57:55 - b'INFO  localasm/local_assemble.cpp   :  133 - Lib 4, insert size: 216.00 sd: 95.56'
2026-10-02 14:57:56 - b'INFO  localasm/local_assemble.cpp   :  133 - Lib 5, insert size: 244.00 sd: 105.56'
2026-10-02 14:57:56 - b'INFO  localasm/local_assemble.cpp   :  330 - Insert size estimation time elapsed: 4.837782'
2026-10-02 14:58:28 - b'INFO  localasm/local_assemble.cpp   :  218 - Lib 0: total 53289964 reads, aligned 29722306, added 2107089 reads to local assembly'
2026-10-02 14:59:18 - b'INFO  localasm/local_assemble.cpp   :  218 - Lib 1: total 83669984 reads, aligned 49242378, added 3638126 reads to local assembly'
2026-10-02 14:59:29 - b'INFO  localasm/local_assemble.cpp   :  218 - Lib 2: total 19794118 reads, aligned 11997609, added 730857 reads to local assembly'
2026-10-02 15:00:00 - b'INFO  localasm/local_assemble.cpp   :  218 - Lib 3: total 50413130 reads, aligned 27971686, added 2243814 reads to local assembly'
2026-10-02 15:00:07 - b'INFO  localasm/local_assemble.cpp   :  218 - Lib 4: total 12885188 reads, aligned 3926560, added 399341 reads to local assembly'
2026-10-02 15:00:18 - b'INFO  localasm/local_assemble.cpp   :  218 - Lib 5: total 19597690 reads, aligned 8122039, added 741323 reads to local assembly'
2026-10-02 15:00:18 - b'INFO  localasm/local_assemble.cpp   :  338 - Mapping time elapsed: 142.682370'
2026-10-02 15:00:18 - b'INFO  localasm/local_assemble.cpp   :  232 - Minimum number of reads to do local assembly: 3'
2026-10-02 15:04:59 - b'INFO  localasm/local_assemble.cpp   :  346 - Local assembly time elapsed: 280.801835'
2026-10-02 15:05:00 - b'INFO  utils/utils.h                 :  152 - Real: 526.4802\tuser: 12010.7153\tsys: 31.5389\tmaxrss: 13968092'
2026-10-02 15:05:00 - Extract iterative edges from k = 119 to 141 
2026-10-02 15:05:00 - b'INFO  main_iterate.cpp              :  190 - Selected kmer type size for k: 32'
2026-10-02 15:05:01 - b'INFO  main_iterate.cpp              :  174 - Read 132163 contigs'
2026-10-02 15:05:01 - b'INFO  main_iterate.cpp              :  176 - Number of flank kmers: 263675'
2026-10-02 15:05:01 - b'INFO  main_iterate.cpp              :  174 - Read 14727 contigs'
2026-10-02 15:05:02 - b'INFO  main_iterate.cpp              :  176 - Number of flank kmers: 288466'
2026-10-02 15:05:02 - b'INFO  main_iterate.cpp              :  123 - Selected kmer type size for next k: 64'
2026-10-02 15:05:03 - b'INFO  main_iterate.cpp              :  138 - Processed: 4194304, aligned: 15039. Iterative edges: 60449'
2026-10-02 15:05:03 - b'INFO  main_iterate.cpp              :  138 - Processed: 8388608, aligned: 29935. Iterative edges: 109806'
2026-10-02 15:05:04 - b'INFO  main_iterate.cpp              :  138 - Processed: 12582912, aligned: 44791. Iterative edges: 150946'
2026-10-02 15:05:04 - b'INFO  main_iterate.cpp              :  138 - Processed: 16777216, aligned: 59707. Iterative edges: 186730'
2026-10-02 15:05:05 - b'INFO  main_iterate.cpp              :  138 - Processed: 20971520, aligned: 74943. Iterative edges: 217723'
2026-10-02 15:05:05 - b'INFO  main_iterate.cpp              :  138 - Processed: 25165824, aligned: 89903. Iterative edges: 245729'
2026-10-02 15:05:06 - b'INFO  main_iterate.cpp              :  138 - Processed: 29360128, aligned: 104786. Iterative edges: 269835'
2026-10-02 15:05:06 - b'INFO  main_iterate.cpp              :  138 - Processed: 33554432, aligned: 119848. Iterative edges: 290868'
2026-10-02 15:05:07 - b'INFO  main_iterate.cpp              :  138 - Processed: 37748736, aligned: 134786. Iterative edges: 310833'
2026-10-02 15:05:07 - b'INFO  main_iterate.cpp              :  138 - Processed: 41943040, aligned: 149613. Iterative edges: 329478'
2026-10-02 15:05:08 - b'INFO  main_iterate.cpp              :  138 - Processed: 46137344, aligned: 164724. Iterative edges: 346741'
2026-10-02 15:05:08 - b'INFO  main_iterate.cpp              :  138 - Processed: 50331648, aligned: 179987. Iterative edges: 362497'
2026-10-02 15:05:09 - b'INFO  main_iterate.cpp              :  138 - Processed: 54525952, aligned: 194773. Iterative edges: 381483'
2026-10-02 15:05:09 - b'INFO  main_iterate.cpp              :  138 - Processed: 58720256, aligned: 209551. Iterative edges: 407847'
2026-10-02 15:05:10 - b'INFO  main_iterate.cpp              :  138 - Processed: 62914560, aligned: 224365. Iterative edges: 430177'
2026-10-02 15:05:10 - b'INFO  main_iterate.cpp              :  138 - Processed: 67108864, aligned: 238856. Iterative edges: 449271'
2026-10-02 15:05:11 - b'INFO  main_iterate.cpp              :  138 - Processed: 71303168, aligned: 253359. Iterative edges: 466088'
2026-10-02 15:05:11 - b'INFO  main_iterate.cpp              :  138 - Processed: 75497472, aligned: 268113. Iterative edges: 480558'
2026-10-02 15:05:12 - b'INFO  main_iterate.cpp              :  138 - Processed: 79691776, aligned: 283088. Iterative edges: 493639'
2026-10-02 15:05:12 - b'INFO  main_iterate.cpp              :  138 - Processed: 83886080, aligned: 297566. Iterative edges: 504378'
2026-10-02 15:05:13 - b'INFO  main_iterate.cpp              :  138 - Processed: 88080384, aligned: 312189. Iterative edges: 514302'
2026-10-02 15:05:13 - b'INFO  main_iterate.cpp              :  138 - Processed: 92274688, aligned: 326740. Iterative edges: 522950'
2026-10-02 15:05:14 - b'INFO  main_iterate.cpp              :  138 - Processed: 96468992, aligned: 341167. Iterative edges: 530651'
2026-10-02 15:05:14 - b'INFO  main_iterate.cpp              :  138 - Processed: 100663296, aligned: 355825. Iterative edges: 537307'
2026-10-02 15:05:15 - b'INFO  main_iterate.cpp              :  138 - Processed: 104857600, aligned: 370712. Iterative edges: 544021'
2026-10-02 15:05:15 - b'INFO  main_iterate.cpp              :  138 - Processed: 109051904, aligned: 385444. Iterative edges: 549751'
2026-10-02 15:05:16 - b'INFO  main_iterate.cpp              :  138 - Processed: 113246208, aligned: 400069. Iterative edges: 555429'
2026-10-02 15:05:16 - b'INFO  main_iterate.cpp              :  138 - Processed: 117440512, aligned: 414919. Iterative edges: 560216'
2026-10-02 15:05:17 - b'INFO  main_iterate.cpp              :  138 - Processed: 121634816, aligned: 429817. Iterative edges: 565025'
2026-10-02 15:05:17 - b'INFO  main_iterate.cpp              :  138 - Processed: 125829120, aligned: 444863. Iterative edges: 569359'
2026-10-02 15:05:18 - b'INFO  main_iterate.cpp              :  138 - Processed: 130023424, aligned: 459408. Iterative edges: 573392'
2026-10-02 15:05:18 - b'INFO  main_iterate.cpp              :  138 - Processed: 134217728, aligned: 474225. Iterative edges: 577104'
2026-10-02 15:05:19 - b'INFO  main_iterate.cpp              :  138 - Processed: 138412032, aligned: 488574. Iterative edges: 582013'
2026-10-02 15:05:19 - b'INFO  main_iterate.cpp              :  138 - Processed: 142606336, aligned: 502240. Iterative edges: 588057'
2026-10-02 15:05:20 - b'INFO  main_iterate.cpp              :  138 - Processed: 146800640, aligned: 515747. Iterative edges: 592886'
2026-10-02 15:05:20 - b'INFO  main_iterate.cpp              :  138 - Processed: 150994944, aligned: 529418. Iterative edges: 597319'
2026-10-02 15:05:21 - b'INFO  main_iterate.cpp              :  138 - Processed: 155189248, aligned: 543139. Iterative edges: 601750'
2026-10-02 15:05:21 - b'INFO  main_iterate.cpp              :  138 - Processed: 159383552, aligned: 556230. Iterative edges: 616328'
2026-10-02 15:05:22 - b'INFO  main_iterate.cpp              :  138 - Processed: 163577856, aligned: 568680. Iterative edges: 636019'
2026-10-02 15:05:22 - b'INFO  main_iterate.cpp              :  138 - Processed: 167772160, aligned: 581125. Iterative edges: 654057'
2026-10-02 15:05:23 - b'INFO  main_iterate.cpp              :  138 - Processed: 171966464, aligned: 593807. Iterative edges: 671761'
2026-10-02 15:05:23 - b'INFO  main_iterate.cpp              :  138 - Processed: 176160768, aligned: 606404. Iterative edges: 687978'
2026-10-02 15:05:24 - b'INFO  main_iterate.cpp              :  138 - Processed: 180355072, aligned: 619159. Iterative edges: 703212'
2026-10-02 15:05:24 - b'INFO  main_iterate.cpp              :  138 - Processed: 184549376, aligned: 631850. Iterative edges: 716964'
2026-10-02 15:05:25 - b'INFO  main_iterate.cpp              :  138 - Processed: 188743680, aligned: 644107. Iterative edges: 728867'
2026-10-02 15:05:25 - b'INFO  main_iterate.cpp              :  138 - Processed: 192937984, aligned: 656438. Iterative edges: 740857'
2026-10-02 15:05:26 - b'INFO  main_iterate.cpp              :  138 - Processed: 197132288, aligned: 669302. Iterative edges: 752291'
2026-10-02 15:05:26 - b'INFO  main_iterate.cpp              :  138 - Processed: 201326592, aligned: 682026. Iterative edges: 763045'
2026-10-02 15:05:27 - b'INFO  main_iterate.cpp              :  138 - Processed: 205520896, aligned: 694697. Iterative edges: 772694'
2026-10-02 15:05:27 - b'INFO  main_iterate.cpp              :  138 - Processed: 209715200, aligned: 704406. Iterative edges: 787241'
2026-10-02 15:05:28 - b'INFO  main_iterate.cpp              :  138 - Processed: 213909504, aligned: 712088. Iterative edges: 801553'
2026-10-02 15:05:28 - b'INFO  main_iterate.cpp              :  138 - Processed: 218103808, aligned: 719969. Iterative edges: 813789'
2026-10-02 15:05:29 - b'INFO  main_iterate.cpp              :  138 - Processed: 222298112, aligned: 727605. Iterative edges: 826015'
2026-10-02 15:05:29 - b'INFO  main_iterate.cpp              :  138 - Processed: 226492416, aligned: 735258. Iterative edges: 835889'
2026-10-02 15:05:30 - b'INFO  main_iterate.cpp              :  138 - Processed: 230686720, aligned: 743012. Iterative edges: 843224'
2026-10-02 15:05:30 - b'INFO  main_iterate.cpp              :  138 - Processed: 234881024, aligned: 750647. Iterative edges: 848317'
2026-10-02 15:05:31 - b'INFO  main_iterate.cpp              :  138 - Processed: 239075328, aligned: 758255. Iterative edges: 852250'
2026-10-02 15:05:31 - b'INFO  main_iterate.cpp              :  138 - Processed: 239650074, aligned: 759262. Iterative edges: 852703'
2026-10-02 15:05:31 - b'INFO  main_iterate.cpp              :  142 - Total: 239650074, aligned: 759262. Iterative edges: 852703'
2026-10-02 15:05:32 - b'INFO  utils/utils.h                 :  152 - Real: 31.4105\tuser: 693.9443\tsys: 3.0676\tmaxrss: 599272'
2026-10-02 15:05:32 - Build graph for k = 141 
2026-10-02 15:05:32 - b'INFO  sorting/base_engine.cpp       :  148 - Preparing data...'
2026-10-02 15:05:32 - b'INFO  sorting/seq_to_sdbg.cpp       :  369 - Number edges: 852703'
2026-10-02 15:05:32 - b'INFO  sorting/seq_to_sdbg.cpp       :  413 - Bases to reserve: 376886258, number contigs: 1423739, number multiplicity: 2276442'
2026-10-02 15:05:32 - b'INFO  sorting/seq_to_sdbg.cpp       :  421 - Before reading, sizeof seq_package: 105611488, multiplicity vector: 2276442'
2026-10-02 15:05:32 - b'INFO  sorting/seq_to_sdbg.cpp       :  428 - Read 852703 edges.'
2026-10-02 15:05:32 - b'INFO  sorting/seq_to_sdbg.cpp       :  429 - After reading, sizeof seq_package: 105611488/852703/121083826, multiplicity vector: 852703/2276442'
2026-10-02 15:05:34 - b'INFO  sorting/seq_to_sdbg.cpp       :  458 - Read 926584 contigs from /labgenomaarea2/valentina.pavelecini/EHI/Megahit/coassembly/intermediate_contigs/k119.contigs.fa.'
2026-10-02 15:05:34 - b'INFO  sorting/seq_to_sdbg.cpp       :  459 - After reading contigs, sizeof seq_package: 388276192/1779287/865887372, multiplicity vector: 1779287/2276442'
2026-10-02 15:05:34 - b'INFO  sorting/seq_to_sdbg.cpp       :  470 - Read 13670 contigs from /labgenomaarea2/valentina.pavelecini/EHI/Megahit/coassembly/intermediate_contigs/k119.bubble_seq.fa.'
2026-10-02 15:05:34 - b'INFO  sorting/seq_to_sdbg.cpp       :  471 - After reading contigs, sizeof seq_package: 388276192/1792957/875861532, multiplicity vector: 1792957/2276442'
2026-10-02 15:05:34 - b'INFO  sorting/seq_to_sdbg.cpp       :  484 - Read 4413 contigs from /labgenomaarea2/valentina.pavelecini/EHI/Megahit/coassembly/intermediate_contigs/k119.addi.fa.'
2026-10-02 15:05:34 - b'INFO  sorting/seq_to_sdbg.cpp       :  485 - After reading contigs, sizeof seq_package: 388276192/1797370/883819003, multiplicity vector: 1797370/2276442'
2026-10-02 15:05:35 - b'INFO  sorting/seq_to_sdbg.cpp       :  498 - Read 464598 contigs from /labgenomaarea2/valentina.pavelecini/EHI/Megahit/coassembly/intermediate_contigs/k119.local.fa.'
2026-10-02 15:05:35 - b'INFO  sorting/seq_to_sdbg.cpp       :  499 - After reading contigs, sizeof seq_package: 388276192/2261968/1112765487, multiplicity vector: 2261968/2276442'
2026-10-02 15:05:35 - b'INFO  sorting/seq_to_sdbg.cpp       :  506 - Finally, sizeof seq_package: 388276192/2261968/1112765487, multiplicity vector: 2261968/2276442'
2026-10-02 15:05:35 - b'INFO  sorting/base_engine.cpp       :  153 - Preparing data... Done. Time elapsed: 3.1521'
2026-10-02 15:05:35 - b'INFO  sorting/base_engine.cpp       :  156 - Preparing partitions and calculating bucket sizes...'
2026-10-02 15:05:36 - b'INFO  sorting/base_engine.cpp       :   80 - Minimum memory required: 463128416 bytes'
2026-10-02 15:05:36 - b'INFO  sorting/base_engine.cpp       :  138 - Lv1 items: 212893849, Lv2 items: 1754184'
2026-10-02 15:05:36 - b'INFO  sorting/base_engine.cpp       :  139 - Memory of derived class: 401522588, Memory for Lv1+Lv2: 921742756'
2026-10-02 15:05:36 - b'INFO  sorting/base_engine.cpp       :  165 - Preparing partitions and calculating bucket sizes... Done. Time elapsed: 1.1567'
2026-10-02 15:05:36 - b'INFO  sorting/base_engine.cpp       :  172 - Start main loop...'
2026-10-02 15:05:36 - b'INFO  sorting/base_engine.cpp       :  185 - Lv1 scanning from bucket 0 to 2222'
2026-10-02 15:05:37 - b'INFO  sorting/base_engine.cpp       :  192 - Lv1 scanning done. Large diff: 0. Time elapsed: 0.8721'
2026-10-02 15:05:40 - b'INFO  sorting/base_engine.cpp       :  198 - Lv1 fetching & sorting done. Time elapsed: 2.9187'
2026-10-02 15:05:40 - b'INFO  sorting/base_engine.cpp       :  185 - Lv1 scanning from bucket 2222 to 6943'
2026-10-02 15:05:41 - b'INFO  sorting/base_engine.cpp       :  192 - Lv1 scanning done. Large diff: 0. Time elapsed: 1.0738'
2026-10-02 15:05:45 - b'INFO  sorting/base_engine.cpp       :  198 - Lv1 fetching & sorting done. Time elapsed: 3.7914'
2026-10-02 15:05:45 - b'INFO  sorting/base_engine.cpp       :  185 - Lv1 scanning from bucket 6943 to 13275'
2026-10-02 15:05:46 - b'INFO  sorting/base_engine.cpp       :  192 - Lv1 scanning done. Large diff: 0. Time elapsed: 1.1601'
2026-10-02 15:05:50 - b'INFO  sorting/base_engine.cpp       :  198 - Lv1 fetching & sorting done. Time elapsed: 4.0505'
2026-10-02 15:05:50 - b'INFO  sorting/base_engine.cpp       :  185 - Lv1 scanning from bucket 13275 to 21026'
2026-10-02 15:05:51 - b'INFO  sorting/base_engine.cpp       :  192 - Lv1 scanning done. Large diff: 0. Time elapsed: 1.2354'
2026-10-02 15:05:55 - b'INFO  sorting/base_engine.cpp       :  198 - Lv1 fetching & sorting done. Time elapsed: 4.1594'
2026-10-02 15:05:55 - b'INFO  sorting/base_engine.cpp       :  185 - Lv1 scanning from bucket 21026 to 30388'
2026-10-02 15:05:57 - b'INFO  sorting/base_engine.cpp       :  192 - Lv1 scanning done. Large diff: 0. Time elapsed: 1.3012'
2026-10-02 15:06:05 - b'INFO  sorting/base_engine.cpp       :  198 - Lv1 fetching & sorting done. Time elapsed: 8.7494'
2026-10-02 15:06:05 - b'INFO  sorting/base_engine.cpp       :  185 - Lv1 scanning from bucket 30388 to 41865'
2026-10-02 15:06:07 - b'INFO  sorting/base_engine.cpp       :  192 - Lv1 scanning done. Large diff: 0. Time elapsed: 1.2862'
2026-10-02 15:06:11 - b'INFO  sorting/base_engine.cpp       :  198 - Lv1 fetching & sorting done. Time elapsed: 4.3630'
2026-10-02 15:06:11 - b'INFO  sorting/base_engine.cpp       :  185 - Lv1 scanning from bucket 41865 to 57034'
2026-10-02 15:06:12 - b'INFO  sorting/base_engine.cpp       :  192 - Lv1 scanning done. Large diff: 0. Time elapsed: 1.3140'
2026-10-02 15:06:17 - b'INFO  sorting/base_engine.cpp       :  198 - Lv1 fetching & sorting done. Time elapsed: 4.5103'
2026-10-02 15:06:17 - b'INFO  sorting/base_engine.cpp       :  185 - Lv1 scanning from bucket 57034 to 65536'
2026-10-02 15:06:18 - b'INFO  sorting/base_engine.cpp       :  192 - Lv1 scanning done. Large diff: 0. Time elapsed: 0.8169'
2026-10-02 15:06:19 - b'INFO  sorting/base_engine.cpp       :  198 - Lv1 fetching & sorting done. Time elapsed: 1.6592'
2026-10-02 15:06:19 - b'INFO  sorting/base_engine.cpp       :  204 - Main loop done. Time elapsed: 43.2646'
2026-10-02 15:06:19 - b'INFO  sorting/base_engine.cpp       :  207 - Postprocessing...'
2026-10-02 15:06:31 - b'INFO  sorting/seq_to_sdbg.cpp       :  793 - Number of $ A C G T A- C- G- T-:'
2026-10-02 15:06:31 - b'INFO  sorting/seq_to_sdbg.cpp       :  794 - 1800862 342405525 290564383 291297151 341953117 54391 48980 49181 53721'
2026-10-02 15:06:31 - b'INFO  sorting/seq_to_sdbg.cpp       :  800 - Total number of edges: 1268227311'
2026-10-02 15:06:31 - b'INFO  sorting/seq_to_sdbg.cpp       :  801 - Total number of ONEs: 1266220176'
2026-10-02 15:06:31 - b'INFO  sorting/seq_to_sdbg.cpp       :  802 - Total number of $v edges: 1800862'
2026-10-02 15:06:31 - b'INFO  sorting/base_engine.cpp       :  210 - Postprocess done. Time elapsed: 11.6183'
2026-10-02 15:06:31 - b'INFO  utils/utils.h                 :  152 - Real: 59.2433\tuser: 808.9237\tsys: 11.7875\tmaxrss: 1270292'
2026-10-02 15:06:31 - Assemble contigs from SdBG for k = 141
2026-10-02 15:06:48 - b'INFO  main_assemble.cpp             :  129 - Loading succinct de Bruijn graph: /labgenomaarea2/valentina.pavelecini/EHI/Megahit/coassembly/tmp/k141/141Done. Time elapsed: 17.308683'
2026-10-02 15:06:48 - b'INFO  main_assemble.cpp             :  133 - Number of Edges: 1268227311; K value: 141'
2026-10-02 15:06:48 - b'INFO  main_assemble.cpp             :  140 - Number of CPU threads: 24'
2026-10-02 15:07:01 - b'INFO  assembly/sdbg_pruning.cpp     :  160 - Removing tips with length less than 2; Accumulated tips removed: 4470; time elapsed: 0.7745'
2026-10-02 15:07:02 - b'INFO  assembly/sdbg_pruning.cpp     :  160 - Removing tips with length less than 4; Accumulated tips removed: 12724; time elapsed: 0.9614'
2026-10-02 15:07:04 - b'INFO  assembly/sdbg_pruning.cpp     :  160 - Removing tips with length less than 8; Accumulated tips removed: 27456; time elapsed: 1.4882'
2026-10-02 15:07:06 - b'INFO  assembly/sdbg_pruning.cpp     :  160 - Removing tips with length less than 16; Accumulated tips removed: 57624; time elapsed: 2.6033'
2026-10-02 15:07:11 - b'INFO  assembly/sdbg_pruning.cpp     :  160 - Removing tips with length less than 32; Accumulated tips removed: 93568; time elapsed: 4.8140'
2026-10-02 15:07:20 - b'INFO  assembly/sdbg_pruning.cpp     :  160 - Removing tips with length less than 64; Accumulated tips removed: 154044; time elapsed: 9.1588'
2026-10-02 15:07:38 - b'INFO  assembly/sdbg_pruning.cpp     :  160 - Removing tips with length less than 128; Accumulated tips removed: 234860; time elapsed: 17.6076'
2026-10-02 15:08:10 - b'INFO  assembly/sdbg_pruning.cpp     :  160 - Removing tips with length less than 256; Accumulated tips removed: 547305; time elapsed: 31.6345'
2026-10-02 15:08:40 - b'INFO  assembly/sdbg_pruning.cpp     :  169 - Removing tips with length less than 282; Accumulated tips removed: 689099; time elapsed: 30.2086'
2026-10-02 15:08:40 - b'INFO  main_assemble.cpp             :  158 - Tips removal done! Time elapsed(sec): 111.570'
2026-10-02 15:09:45 - b'INFO  assembly/unitig_graph.cpp     :   83 - Graph size without loops: 758631, palindrome: 2'
2026-10-02 15:09:57 - b'INFO  main_assemble.cpp             :  166 - unitig graph size: 768849, time for building: 77.494'
2026-10-02 15:09:58 - b'INFO  assembly/contig_stat.h        :   40 - Max: 542576, Min: 142, N50: 1004, number contigs: 768849, number isolated: 608026, number looped: 10218, total size: 680804956,'
2026-10-02 15:09:58 - b'INFO  main_assemble.cpp             :  184 - Graph cleaning round 1'
2026-10-02 15:09:59 - b'INFO  main_assemble.cpp             :  200 - Number of bubbles removed: 4307, Time elapsed(sec): 0.151'
2026-10-02 15:09:59 - b'INFO  main_assemble.cpp             :  210 - Number of complex bubbles removed: 3177, Time elapsed(sec): 0.298600'
2026-10-02 15:09:59 - b'INFO  main_assemble.cpp             :  221 - Number unitigs disconnected: 34602, time: 0.124'
2026-10-02 15:09:59 - b'INFO  main_assemble.cpp             :  245 - Unitigs removed in excessive pruning: 3282, time: 0.078'
2026-10-02 15:09:59 - b'INFO  main_assemble.cpp             :  184 - Graph cleaning round 2'
2026-10-02 15:10:00 - b'INFO  main_assemble.cpp             :  192 - Tips removed: 14387, time: 0.499'
2026-10-02 15:10:00 - b'INFO  main_assemble.cpp             :  200 - Number of bubbles removed: 26, Time elapsed(sec): 0.094'
2026-10-02 15:10:00 - b'INFO  main_assemble.cpp             :  210 - Number of complex bubbles removed: 263, Time elapsed(sec): 0.197647'
2026-10-02 15:10:00 - b'INFO  main_assemble.cpp             :  221 - Number unitigs disconnected: 720, time: 0.087'
2026-10-02 15:10:00 - b'INFO  main_assemble.cpp             :  245 - Unitigs removed in excessive pruning: 444, time: 0.062'
2026-10-02 15:10:00 - b'INFO  main_assemble.cpp             :  184 - Graph cleaning round 3'
2026-10-02 15:10:00 - b'INFO  main_assemble.cpp             :  192 - Tips removed: 256, time: 0.446'
2026-10-02 15:10:01 - b'INFO  main_assemble.cpp             :  200 - Number of bubbles removed: 3, Time elapsed(sec): 0.092'
2026-10-02 15:10:01 - b'INFO  main_assemble.cpp             :  210 - Number of complex bubbles removed: 4, Time elapsed(sec): 0.160655'
2026-10-02 15:10:01 - b'INFO  main_assemble.cpp             :  221 - Number unitigs disconnected: 122, time: 0.086'
2026-10-02 15:10:01 - b'INFO  main_assemble.cpp             :  245 - Unitigs removed in excessive pruning: 110, time: 0.059'
2026-10-02 15:10:01 - b'INFO  main_assemble.cpp             :  184 - Graph cleaning round 4'
2026-10-02 15:10:01 - b'INFO  main_assemble.cpp             :  192 - Tips removed: 45, time: 0.421'
2026-10-02 15:10:01 - b'INFO  main_assemble.cpp             :  200 - Number of bubbles removed: 1, Time elapsed(sec): 0.090'
2026-10-02 15:10:02 - b'INFO  main_assemble.cpp             :  210 - Number of complex bubbles removed: 4, Time elapsed(sec): 0.177206'
2026-10-02 15:10:02 - b'INFO  main_assemble.cpp             :  221 - Number unitigs disconnected: 34, time: 0.086'
2026-10-02 15:10:02 - b'INFO  main_assemble.cpp             :  245 - Unitigs removed in excessive pruning: 30, time: 0.058'
2026-10-02 15:10:02 - b'INFO  main_assemble.cpp             :  184 - Graph cleaning round 5'
2026-10-02 15:10:02 - b'INFO  main_assemble.cpp             :  192 - Tips removed: 15, time: 0.402'
2026-10-02 15:10:02 - b'INFO  main_assemble.cpp             :  200 - Number of bubbles removed: 0, Time elapsed(sec): 0.089'
2026-10-02 15:10:02 - b'INFO  main_assemble.cpp             :  210 - Number of complex bubbles removed: 1, Time elapsed(sec): 0.160908'
2026-10-02 15:10:02 - b'INFO  main_assemble.cpp             :  221 - Number unitigs disconnected: 9, time: 0.085'
2026-10-02 15:10:03 - b'INFO  main_assemble.cpp             :  245 - Unitigs removed in excessive pruning: 8, time: 0.058'
2026-10-02 15:10:03 - b'INFO  assembly/contig_stat.h        :   40 - Max: 542668, Min: 142, N50: 1064, number contigs: 688314, number isolated: 608458, number looped: 1765, total size: 665492161,'
2026-10-02 15:10:06 - b'INFO  main_assemble.cpp             :  286 - Number of local low depth unitigs removed: 2366, complex bubbles removed: 52, time: 2.129285'
2026-10-02 15:10:07 - b'INFO  assembly/contig_stat.h        :   40 - Max: 542717, Min: 142, N50: 1068, number contigs: 683012, number isolated: 609446, number looped: 1768, total size: 664468257,'
2026-10-02 15:10:34 - b'INFO  utils/utils.h                 :  152 - Real: 242.5779\tuser: 4728.7536\tsys: 10.4054\tmaxrss: 2950344'
2026-10-02 15:10:34 - Merging to output final contigs 
2026-10-02 15:10:37 - 63170 contigs, total 256725534 bp, min 1500 bp, max 542717 bp, avg 4064 bp, N50 5267 bp
2026-10-02 15:10:39 - ALL DONE. Time elapsed: 18229.243857 seconds 
